yymmdd,year,month,day,set_depths,PP,MLR_Pred_PP
1988-12-18,1988,12,18,1,6.15,
1988-12-18,1988,12,18,40,2.15,
1988-12-18,1988,12,18,80,0.29,
1988-12-18,1988,12,18,100,2.85,
1988-12-18,1988,12,18,120,0.16,
1989-01-27,1989,1,27,20,3.78,
1989-01-27,1989,1,27,40,3.5,
1989-01-27,1989,1,27,60,2.02,
1989-01-27,1989,1,27,80,0.77,
1989-01-27,1989,1,27,100,0.49,
1989-02-19,1989,2,19,20,8.11,
1989-02-19,1989,2,19,40,1.84,
1989-02-19,1989,2,19,100,0.12,
1989-03-26,1989,3,26,1,4.02,
1989-03-26,1989,3,26,20,2.85,
1989-03-26,1989,3,26,20,3.8,
1989-03-26,1989,3,26,40,3.54,
1989-03-26,1989,3,26,60,2.96,
1989-03-26,1989,3,26,60,0.4,
1989-04-17,1989,4,17,1,3.57,
1989-04-17,1989,4,17,20,3.5,
1989-04-17,1989,4,17,40,2.49,
1989-04-17,1989,4,17,40,2.45,
1989-04-17,1989,4,17,60,2.14,
1989-04-17,1989,4,17,80,3.16,
1989-05-16,1989,5,16,1,2.42,
1989-05-16,1989,5,16,20,1.72,
1989-05-16,1989,5,16,20,0.86,
1989-05-16,1989,5,16,40,2.17,
1989-05-16,1989,5,16,60,1.83,
1989-05-16,1989,5,16,100,0.67,
1989-06-22,1989,6,22,20,4.38,
1989-06-22,1989,6,22,20,4.27,
1989-06-22,1989,6,22,40,1.86,
1989-06-22,1989,6,22,60,3.92,
1989-07-20,1989,7,20,1,4.06,
1989-07-20,1989,7,20,20,4.3,
1989-07-20,1989,7,20,40,3.76,
1989-07-20,1989,7,20,60,3.75,
1989-07-20,1989,7,20,80,3.61,
1989-07-20,1989,7,20,100,3.35,
1989-08-16,1989,8,16,1,2.75,
1989-08-16,1989,8,16,20,5.39,
1989-08-16,1989,8,16,40,2.83,
1989-08-16,1989,8,16,60,2.41,
1989-08-16,1989,8,16,80,0.87,
1989-08-16,1989,8,16,100,0.38,
1989-08-16,1989,8,16,120,0.89,
1989-08-16,1989,8,16,140,0.21,
1989-10-20,1989,10,20,1,4.46,
1989-10-20,1989,10,20,20,4.09,
1989-10-20,1989,10,20,40,1.12,
1989-10-20,1989,10,20,60,1.84,
1989-10-20,1989,10,20,80,0.97,
1989-10-20,1989,10,20,100,0.4,
1989-10-20,1989,10,20,120,0.13,
1989-10-20,1989,10,20,140,0.08,
1990-01-16,1990,1,16,1,3.88,
1990-01-16,1990,1,16,20,4.27,
1990-01-16,1990,1,16,40,3.56,
1990-01-16,1990,1,16,60,1.91,
1990-01-16,1990,1,16,80,0.73,
1990-01-16,1990,1,16,100,0.05,
1990-01-16,1990,1,16,120,0.27,
1990-01-16,1990,1,16,140,0.11,
1990-02-16,1990,2,16,1,4.89,
1990-02-16,1990,2,16,20,7.32,
1990-02-16,1990,2,16,40,6.6,
1990-02-16,1990,2,16,60,4.59,
1990-02-16,1990,2,16,80,2.44,
1990-02-16,1990,2,16,100,1.11,
1990-02-16,1990,2,16,120,0.45,
1990-02-16,1990,2,16,140,0.0,
1990-03-13,1990,3,13,1,7.38,
1990-03-13,1990,3,13,20,8.6,
1990-03-13,1990,3,13,40,7.45,
1990-03-13,1990,3,13,60,3.95,
1990-03-13,1990,3,13,80,0.95,
1990-03-13,1990,3,13,100,0.34,
1990-03-13,1990,3,13,120,0.16,
1990-03-13,1990,3,13,140,0.19,
1990-04-17,1990,4,17,1,13.18,
1990-04-17,1990,4,17,20,14.03,
1990-04-17,1990,4,17,40,9.69,
1990-04-17,1990,4,17,60,3.47,
1990-04-17,1990,4,17,80,0.3,
1990-04-17,1990,4,17,100,0.34,
1990-04-17,1990,4,17,120,0.08,
1990-04-17,1990,4,17,140,0.07,
1990-05-09,1990,5,9,1,4.63,
1990-05-09,1990,5,9,20,4.74,
1990-05-09,1990,5,9,40,4.18,
1990-05-09,1990,5,9,60,3.3,
1990-05-09,1990,5,9,80,1.86,
1990-05-09,1990,5,9,100,0.9,
1990-05-09,1990,5,9,120,0.4,
1990-06-22,1990,6,22,1,5.59,
1990-06-22,1990,6,22,20,5.16,
1990-06-22,1990,6,22,40,3.92,
1990-06-22,1990,6,22,60,2.54,
1990-06-22,1990,6,22,80,1.46,
1990-06-22,1990,6,22,100,0.38,
1990-06-22,1990,6,22,120,0.12,
1990-06-22,1990,6,22,140,0.15,
1990-07-17,1990,7,17,1,2.56,
1990-07-17,1990,7,17,20,3.87,
1990-07-17,1990,7,17,40,2.6,
1990-07-17,1990,7,17,60,2.32,
1990-07-17,1990,7,17,80,1.09,
1990-07-17,1990,7,17,100,0.43,
1990-07-17,1990,7,17,120,0.0,
1990-07-17,1990,7,17,140,0.02,
1990-08-14,1990,8,14,1,2.67,
1990-08-14,1990,8,14,20,3.14,
1990-08-14,1990,8,14,40,1.65,
1990-08-14,1990,8,14,60,2.74,
1990-08-14,1990,8,14,80,1.33,
1990-08-14,1990,8,14,100,1.18,
1990-08-14,1990,8,14,120,0.54,
1990-08-14,1990,8,14,140,0.19,
1990-09-11,1990,9,11,1,3.43,
1990-09-11,1990,9,11,20,3.9,
1990-09-11,1990,9,11,40,2.55,
1990-09-11,1990,9,11,60,2.36,
1990-09-11,1990,9,11,80,1.14,
1990-09-11,1990,9,11,100,0.63,
1990-09-11,1990,9,11,120,0.27,
1990-09-11,1990,9,11,140,0.16,
1990-10-15,1990,10,15,1,4.87,
1990-10-15,1990,10,15,20,5.08,
1990-10-15,1990,10,15,40,3.17,
1990-10-15,1990,10,15,60,3.81,
1990-10-15,1990,10,15,80,2.24,
1990-10-15,1990,10,15,100,1.18,
1990-10-15,1990,10,15,120,0.48,
1990-10-15,1990,10,15,140,0.06,
1990-11-06,1990,11,6,1,4.01,
1990-11-06,1990,11,6,20,5.32,
1990-11-06,1990,11,6,40,4.79,
1990-11-06,1990,11,6,60,3.51,
1990-11-06,1990,11,6,80,2.18,
1990-11-06,1990,11,6,100,1.01,
1990-11-06,1990,11,6,120,0.34,
1990-11-06,1990,11,6,140,0.07,
1990-12-03,1990,12,3,1,8.11,
1990-12-03,1990,12,3,20,7.29,
1990-12-03,1990,12,3,40,5.58,
1990-12-03,1990,12,3,60,2.59,
1990-12-03,1990,12,3,80,1.02,
1990-12-03,1990,12,3,100,0.26,
1990-12-03,1990,12,3,120,0.27,
1990-12-03,1990,12,3,140,0.0,
1991-01-15,1991,1,15,1,9.56,
1991-01-15,1991,1,15,20,10.61,
1991-01-15,1991,1,15,40,6.94,
1991-01-15,1991,1,15,60,3.12,
1991-01-15,1991,1,15,80,0.96,
1991-01-15,1991,1,15,100,0.34,
1991-01-15,1991,1,15,120,0.11,
1991-01-15,1991,1,15,140,0.0,
1991-02-20,1991,2,20,1,4.43,
1991-02-20,1991,2,20,40,1.59,
1991-02-20,1991,2,20,60,0.78,
1991-02-20,1991,2,20,80,0.64,
1991-02-20,1991,2,20,100,0.15,
1991-02-20,1991,2,20,120,0.05,
1991-02-20,1991,2,20,140,0.0,
1991-03-21,1991,3,21,20,15.69,
1991-03-21,1991,3,21,40,17.04,
1991-03-21,1991,3,21,60,3.48,
1991-03-21,1991,3,21,100,0.12,
1991-03-21,1991,3,21,120,0.22,
1991-03-21,1991,3,21,140,0.01,
1991-04-05,1991,4,5,40,11.46,
1991-04-05,1991,4,5,60,4.58,
1991-04-05,1991,4,5,80,1.43,
1991-04-05,1991,4,5,100,0.22,
1991-04-05,1991,4,5,120,0.0,
1991-04-05,1991,4,5,140,0.03,
1991-04-16,1991,4,16,1,9.71,
1991-04-16,1991,4,16,20,10.91,
1991-04-16,1991,4,16,40,8.38,
1991-04-16,1991,4,16,60,5.37,
1991-04-16,1991,4,16,80,2.11,
1991-04-16,1991,4,16,100,0.44,
1991-04-16,1991,4,16,120,0.69,
1991-04-16,1991,4,16,140,0.04,
1991-05-14,1991,5,14,1,6.04,
1991-05-14,1991,5,14,20,6.62,
1991-05-14,1991,5,14,40,6.84,
1991-05-14,1991,5,14,60,3.15,
1991-05-14,1991,5,14,80,4.0,
1991-05-14,1991,5,14,100,0.54,
1991-05-14,1991,5,14,120,0.1,
1991-05-14,1991,5,14,140,0.02,
1991-06-19,1991,6,19,1,2.98,
1991-06-19,1991,6,19,20,4.34,
1991-06-19,1991,6,19,40,4.5,
1991-06-19,1991,6,19,60,5.49,
1991-06-19,1991,6,19,100,1.88,
1991-06-19,1991,6,19,120,0.92,
1991-06-19,1991,6,19,140,0.11,
1991-07-16,1991,7,16,1,4.61,
1991-07-16,1991,7,16,20,4.93,
1991-07-16,1991,7,16,40,4.99,
1991-07-16,1991,7,16,60,5.02,
1991-07-16,1991,7,16,80,3.65,
1991-07-16,1991,7,16,100,2.47,
1991-07-16,1991,7,16,120,0.15,
1991-07-16,1991,7,16,140,0.37,
1991-09-11,1991,9,11,1,2.46,
1991-09-11,1991,9,11,20,1.87,
1991-09-11,1991,9,11,40,1.6,
1991-09-11,1991,9,11,60,1.91,
1991-09-11,1991,9,11,80,0.58,
1991-09-11,1991,9,11,100,0.34,
1991-09-11,1991,9,11,120,0.36,
1991-09-11,1991,9,11,140,0.16,
1991-10-08,1991,10,8,1,2.01,
1991-10-08,1991,10,8,20,3.28,
1991-10-08,1991,10,8,40,2.51,
1991-10-08,1991,10,8,60,1.66,
1991-10-08,1991,10,8,80,0.89,
1991-10-08,1991,10,8,100,1.35,
1991-10-08,1991,10,8,120,0.16,
1991-10-08,1991,10,8,140,0.02,
1991-11-12,1991,11,12,1,3.13,
1991-11-12,1991,11,12,20,4.0,
1991-11-12,1991,11,12,40,3.64,
1991-11-12,1991,11,12,60,3.03,
1991-11-12,1991,11,12,80,2.46,
1991-11-12,1991,11,12,100,0.0,
1991-11-12,1991,11,12,120,0.36,
1991-12-09,1991,12,9,1,3.86,
1991-12-09,1991,12,9,20,3.17,
1991-12-09,1991,12,9,40,2.69,
1991-12-09,1991,12,9,60,2.03,
1991-12-09,1991,12,9,80,1.64,
1991-12-09,1991,12,9,100,2.12,
1991-12-09,1991,12,9,120,0.0,
1991-12-09,1991,12,9,140,0.01,
1992-01-09,1992,1,9,1,10.49,
1992-01-09,1992,1,9,20,9.36,
1992-01-09,1992,1,9,40,4.58,
1992-01-09,1992,1,9,60,1.49,
1992-01-09,1992,1,9,80,0.12,
1992-01-09,1992,1,9,100,0.25,
1992-01-09,1992,1,9,120,0.0,
1992-01-09,1992,1,9,140,0.01,
1992-01-28,1992,1,28,1,13.1,
1992-01-28,1992,1,28,20,12.56,
1992-01-28,1992,1,28,40,7.4,
1992-01-28,1992,1,28,60,2.88,
1992-01-28,1992,1,28,80,1.08,
1992-01-28,1992,1,28,100,0.28,
1992-01-28,1992,1,28,120,0.12,
1992-01-28,1992,1,28,140,0.0,
1992-02-13,1992,2,13,1,15.77,
1992-02-13,1992,2,13,20,16.35,
1992-02-13,1992,2,13,40,11.8,
1992-02-13,1992,2,13,60,4.86,
1992-02-13,1992,2,13,80,1.11,
1992-02-13,1992,2,13,100,0.43,
1992-02-13,1992,2,13,120,0.21,
1992-02-13,1992,2,13,140,0.08,
1992-02-25,1992,2,25,1,10.89,
1992-02-25,1992,2,25,20,8.62,
1992-02-25,1992,2,25,40,8.22,
1992-02-25,1992,2,25,60,4.66,
1992-02-25,1992,2,25,80,1.35,
1992-02-25,1992,2,25,100,0.48,
1992-02-25,1992,2,25,120,0.08,
1992-02-25,1992,2,25,140,0.03,
1992-03-10,1992,3,10,1,12.78,
1992-03-10,1992,3,10,40,12.27,
1992-03-10,1992,3,10,60,9.02,
1992-03-10,1992,3,10,80,3.22,
1992-03-10,1992,3,10,100,1.25,
1992-03-10,1992,3,10,120,0.48,
1992-03-10,1992,3,10,140,0.28,
1992-03-19,1992,3,19,40,16.06,
1992-03-19,1992,3,19,60,6.65,
1992-03-19,1992,3,19,80,2.83,
1992-03-19,1992,3,19,100,0.68,
1992-03-19,1992,3,19,120,0.22,
1992-03-19,1992,3,19,140,0.0,
1992-04-12,1992,4,12,1,11.5,
1992-04-12,1992,4,12,20,13.32,
1992-04-12,1992,4,12,40,10.33,
1992-04-12,1992,4,12,60,10.05,
1992-04-12,1992,4,12,80,2.17,
1992-04-12,1992,4,12,100,0.51,
1992-04-12,1992,4,12,120,0.0,
1992-04-12,1992,4,12,140,0.02,
1992-04-21,1992,4,21,1,7.28,
1992-04-21,1992,4,21,20,9.04,
1992-04-21,1992,4,21,40,7.7,
1992-04-21,1992,4,21,60,6.86,
1992-04-21,1992,4,21,80,2.37,
1992-04-21,1992,4,21,100,1.07,
1992-04-21,1992,4,21,120,0.18,
1992-04-21,1992,4,21,140,0.0,
1992-05-05,1992,5,5,1,2.57,
1992-05-05,1992,5,5,20,3.44,
1992-05-05,1992,5,5,40,3.52,
1992-05-05,1992,5,5,60,3.01,
1992-05-05,1992,5,5,80,2.94,
1992-05-05,1992,5,5,100,2.79,
1992-05-05,1992,5,5,120,3.47,
1992-05-05,1992,5,5,140,0.6,
1992-05-19,1992,5,19,1,3.62,
1992-05-19,1992,5,19,20,3.4,
1992-05-19,1992,5,19,40,2.23,
1992-05-19,1992,5,19,60,3.1,
1992-05-19,1992,5,19,80,3.09,
1992-05-19,1992,5,19,100,0.58,
1992-05-19,1992,5,19,120,0.06,
1992-05-19,1992,5,19,140,0.07,
1992-06-17,1992,6,17,1,4.19,
1992-06-17,1992,6,17,20,4.17,
1992-06-17,1992,6,17,40,5.68,
1992-06-17,1992,6,17,60,4.72,
1992-06-17,1992,6,17,80,4.78,
1992-06-17,1992,6,17,100,0.97,
1992-06-17,1992,6,17,120,0.17,
1992-06-17,1992,6,17,140,0.03,
1992-07-14,1992,7,14,1,3.69,
1992-07-14,1992,7,14,20,3.39,
1992-07-14,1992,7,14,40,4.03,
1992-07-14,1992,7,14,60,4.67,
1992-07-14,1992,7,14,80,2.61,
1992-07-14,1992,7,14,100,1.71,
1992-07-14,1992,7,14,120,1.25,
1992-07-14,1992,7,14,140,0.08,
1992-08-18,1992,8,18,1,2.67,
1992-08-18,1992,8,18,20,3.8,
1992-08-18,1992,8,18,40,3.07,
1992-08-18,1992,8,18,60,3.49,
1992-08-18,1992,8,18,80,2.3,
1992-08-18,1992,8,18,100,1.33,
1992-08-18,1992,8,18,120,1.02,
1992-08-18,1992,8,18,140,0.65,
1992-10-14,1992,10,14,1,4.66,
1992-10-14,1992,10,14,20,5.4,
1992-10-14,1992,10,14,40,4.47,
1992-10-14,1992,10,14,60,5.88,
1992-10-14,1992,10,14,80,3.44,
1992-10-14,1992,10,14,100,0.89,
1992-10-14,1992,10,14,120,0.18,
1992-10-14,1992,10,14,140,0.05,
1992-11-12,1992,11,12,1,2.99,
1992-11-12,1992,11,12,20,3.98,
1992-11-12,1992,11,12,40,4.04,
1992-11-12,1992,11,12,60,2.39,
1992-11-12,1992,11,12,80,1.35,
1992-11-12,1992,11,12,120,0.78,
1992-11-12,1992,11,12,140,0.1,
1993-01-12,1993,1,12,1,4.48,
1993-01-12,1993,1,12,20,4.93,
1993-01-12,1993,1,12,40,4.28,
1993-01-12,1993,1,12,60,2.87,
1993-01-12,1993,1,12,80,1.69,
1993-01-12,1993,1,12,100,0.8,
1993-01-12,1993,1,12,120,0.33,
1993-01-12,1993,1,12,140,0.16,
1993-02-09,1993,2,9,1,2.91,
1993-02-09,1993,2,9,20,5.81,
1993-02-09,1993,2,9,40,5.99,
1993-02-09,1993,2,9,60,3.14,
1993-02-09,1993,2,9,80,1.13,
1993-02-09,1993,2,9,100,0.49,
1993-02-09,1993,2,9,120,0.12,
1993-02-09,1993,2,9,140,0.08,
1993-02-25,1993,2,25,1,14.31,
1993-02-25,1993,2,25,20,12.73,
1993-02-25,1993,2,25,40,7.86,
1993-02-25,1993,2,25,60,3.02,
1993-02-25,1993,2,25,80,1.07,
1993-02-25,1993,2,25,100,0.41,
1993-02-25,1993,2,25,120,0.13,
1993-02-25,1993,2,25,140,0.01,
1993-03-10,1993,3,10,1,11.59,
1993-03-10,1993,3,10,20,13.74,
1993-03-10,1993,3,10,40,13.27,
1993-03-10,1993,3,10,60,7.47,
1993-03-10,1993,3,10,80,2.9,
1993-03-10,1993,3,10,100,0.93,
1993-03-10,1993,3,10,120,0.21,
1993-03-10,1993,3,10,140,0.03,
1993-03-30,1993,3,30,1,4.53,
1993-03-30,1993,3,30,20,1.16,
1993-03-30,1993,3,30,40,2.11,
1993-03-30,1993,3,30,60,4.06,
1993-03-30,1993,3,30,80,6.66,
1993-03-30,1993,3,30,100,1.26,
1993-03-30,1993,3,30,120,1.15,
1993-03-30,1993,3,30,140,0.24,
1993-04-14,1993,4,14,1,2.87,
1993-04-14,1993,4,14,20,4.46,
1993-04-14,1993,4,14,40,3.84,
1993-04-14,1993,4,14,60,3.87,
1993-04-14,1993,4,14,80,4.19,
1993-04-14,1993,4,14,100,5.08,
1993-04-14,1993,4,14,120,1.38,
1993-04-14,1993,4,14,140,0.65,
1993-04-27,1993,4,27,1,4.26,
1993-04-27,1993,4,27,20,3.17,
1993-04-27,1993,4,27,40,1.69,
1993-04-27,1993,4,27,60,4.15,
1993-04-27,1993,4,27,80,0.95,
1993-04-27,1993,4,27,100,0.22,
1993-04-27,1993,4,27,120,0.06,
1993-04-27,1993,4,27,140,0.05,
1993-05-09,1993,5,9,1,4.73,
1993-05-09,1993,5,9,20,7.63,
1993-05-09,1993,5,9,40,8.39,
1993-05-09,1993,5,9,80,3.1,
1993-05-09,1993,5,9,100,0.31,
1993-05-09,1993,5,9,120,0.09,
1993-06-14,1993,6,14,1,2.69,
1993-06-14,1993,6,14,20,2.56,
1993-06-14,1993,6,14,40,2.13,
1993-06-14,1993,6,14,60,1.31,
1993-06-14,1993,6,14,80,1.04,
1993-06-14,1993,6,14,100,0.83,
1993-06-14,1993,6,14,120,0.39,
1993-06-14,1993,6,14,140,0.13,
1993-07-13,1993,7,13,1,3.29,
1993-07-13,1993,7,13,20,2.83,
1993-07-13,1993,7,13,40,2.97,
1993-07-13,1993,7,13,60,3.11,
1993-07-13,1993,7,13,80,2.21,
1993-07-13,1993,7,13,100,1.33,
1993-07-13,1993,7,13,120,1.36,
1993-07-13,1993,7,13,140,0.46,
1993-08-18,1993,8,18,1,2.16,
1993-08-18,1993,8,18,20,1.19,
1993-08-18,1993,8,18,40,0.62,
1993-08-18,1993,8,18,60,1.2,
1993-08-18,1993,8,18,80,0.6,
1993-08-18,1993,8,18,100,0.38,
1993-08-18,1993,8,18,120,0.2,
1993-08-18,1993,8,18,140,0.16,
1993-09-14,1993,9,14,1,4.94,
1993-09-14,1993,9,14,20,4.43,
1993-09-14,1993,9,14,40,4.67,
1993-09-14,1993,9,14,60,4.64,
1993-09-14,1993,9,14,80,6.12,
1993-09-14,1993,9,14,100,1.27,
1993-09-14,1993,9,14,120,0.37,
1993-09-14,1993,9,14,140,0.07,
1993-10-12,1993,10,12,1,4.29,
1993-10-12,1993,10,12,20,4.21,
1993-10-12,1993,10,12,40,5.16,
1993-10-12,1993,10,12,60,2.37,
1993-10-12,1993,10,12,80,1.32,
1993-10-12,1993,10,12,100,0.81,
1993-10-12,1993,10,12,120,0.19,
1993-10-12,1993,10,12,140,0.04,
1993-11-09,1993,11,9,1,3.24,
1993-11-09,1993,11,9,20,4.29,
1993-11-09,1993,11,9,40,3.82,
1993-11-09,1993,11,9,60,3.19,
1993-11-09,1993,11,9,80,2.07,
1993-11-09,1993,11,9,100,1.1,
1993-11-09,1993,11,9,120,0.46,
1993-11-09,1993,11,9,140,0.17,
1993-12-07,1993,12,7,1,4.52,
1993-12-07,1993,12,7,20,4.23,
1993-12-07,1993,12,7,40,3.0,
1993-12-07,1993,12,7,60,3.48,
1993-12-07,1993,12,7,80,1.43,
1993-12-07,1993,12,7,100,0.44,
1993-12-07,1993,12,7,120,0.23,
1993-12-07,1993,12,7,140,0.04,
1994-01-12,1994,1,12,1,0.88,
1994-01-12,1994,1,12,20,3.45,
1994-01-12,1994,1,12,40,0.71,
1994-01-12,1994,1,12,60,1.43,
1994-01-12,1994,1,12,80,0.69,
1994-01-12,1994,1,12,100,0.26,
1994-01-12,1994,1,12,120,0.23,
1994-01-12,1994,1,12,140,0.04,
1994-02-18,1994,2,18,1,5.53,
1994-02-18,1994,2,18,20,5.51,
1994-02-18,1994,2,18,40,4.71,
1994-02-18,1994,2,18,60,3.27,
1994-02-18,1994,2,18,80,1.12,
1994-02-18,1994,2,18,100,0.39,
1994-02-18,1994,2,18,120,0.1,
1994-02-18,1994,2,18,140,0.05,
1994-02-27,1994,2,27,1,12.36,
1994-02-27,1994,2,27,20,4.43,
1994-02-27,1994,2,27,40,5.45,
1994-02-27,1994,2,27,60,2.49,
1994-02-27,1994,2,27,80,0.34,
1994-02-27,1994,2,27,100,0.1,
1994-02-27,1994,2,27,120,0.07,
1994-02-27,1994,2,27,140,0.06,
1994-04-06,1994,4,6,1,3.88,
1994-04-06,1994,4,6,20,4.09,
1994-04-06,1994,4,6,40,5.61,
1994-04-06,1994,4,6,60,4.33,
1994-04-06,1994,4,6,80,3.05,
1994-04-06,1994,4,6,100,1.33,
1994-04-06,1994,4,6,120,0.48,
1994-04-06,1994,4,6,140,0.18,
1994-04-19,1994,4,19,1,1.6,
1994-04-19,1994,4,19,20,2.45,
1994-04-19,1994,4,19,40,2.72,
1994-04-19,1994,4,19,60,2.91,
1994-04-19,1994,4,19,80,1.65,
1994-04-19,1994,4,19,100,2.92,
1994-04-19,1994,4,19,120,1.0,
1994-04-19,1994,4,19,140,0.18,
1994-05-03,1994,5,3,1,5.57,
1994-05-03,1994,5,3,20,2.79,
1994-05-03,1994,5,3,40,4.03,
1994-05-03,1994,5,3,60,7.21,
1994-05-03,1994,5,3,80,4.07,
1994-05-03,1994,5,3,100,0.25,
1994-05-03,1994,5,3,120,0.09,
1994-05-03,1994,5,3,140,0.01,
1994-05-17,1994,5,17,1,3.59,
1994-05-17,1994,5,17,20,2.82,
1994-05-17,1994,5,17,40,3.06,
1994-05-17,1994,5,17,60,3.05,
1994-05-17,1994,5,17,80,2.8,
1994-05-17,1994,5,17,100,2.33,
1994-05-17,1994,5,17,120,0.06,
1994-05-17,1994,5,17,140,0.2,
1994-06-14,1994,6,14,1,3.19,
1994-06-14,1994,6,14,40,3.71,
1994-06-14,1994,6,14,60,3.04,
1994-06-14,1994,6,14,80,2.71,
1994-06-14,1994,6,14,100,1.57,
1994-06-14,1994,6,14,120,0.43,
1994-06-14,1994,6,14,140,0.06,
1994-07-19,1994,7,19,1,3.39,
1994-07-19,1994,7,19,20,3.81,
1994-07-19,1994,7,19,40,4.75,
1994-07-19,1994,7,19,60,3.52,
1994-07-19,1994,7,19,80,1.8,
1994-07-19,1994,7,19,100,2.04,
1994-07-19,1994,7,19,120,0.34,
1994-07-19,1994,7,19,140,0.0,
1994-09-20,1994,9,20,1,2.17,
1994-09-20,1994,9,20,20,3.01,
1994-09-20,1994,9,20,40,1.31,
1994-09-20,1994,9,20,60,2.86,
1994-09-20,1994,9,20,80,2.1,
1994-09-20,1994,9,20,100,0.99,
1994-09-20,1994,9,20,120,0.39,
1994-09-20,1994,9,20,140,0.07,
1994-10-19,1994,10,19,1,12.24,
1994-10-19,1994,10,19,20,9.26,
1994-10-19,1994,10,19,40,6.43,
1994-10-19,1994,10,19,60,2.25,
1994-10-19,1994,10,19,80,0.55,
1994-10-19,1994,10,19,100,0.11,
1994-10-19,1994,10,19,120,0.1,
1994-10-19,1994,10,19,140,0.01,
1994-11-15,1994,11,15,1,4.58,
1994-11-15,1994,11,15,20,4.26,
1994-11-15,1994,11,15,40,1.01,
1994-11-15,1994,11,15,60,1.16,
1994-11-15,1994,11,15,80,0.34,
1994-11-15,1994,11,15,100,0.12,
1994-11-15,1994,11,15,120,0.16,
1994-11-15,1994,11,15,140,0.06,
1994-12-09,1994,12,9,1,2.55,
1994-12-09,1994,12,9,20,2.72,
1994-12-09,1994,12,9,40,2.55,
1994-12-09,1994,12,9,60,1.42,
1994-12-09,1994,12,9,80,1.58,
1994-12-09,1994,12,9,100,0.68,
1994-12-09,1994,12,9,120,0.65,
1994-12-09,1994,12,9,140,0.69,
1995-01-11,1995,1,11,1,3.82,
1995-01-11,1995,1,11,20,6.56,
1995-01-11,1995,1,11,40,4.67,
1995-01-11,1995,1,11,60,2.93,
1995-01-11,1995,1,11,80,0.88,
1995-01-11,1995,1,11,100,0.38,
1995-01-11,1995,1,11,120,0.28,
1995-01-11,1995,1,11,140,0.11,
1995-02-01,1995,2,1,1,3.64,
1995-02-01,1995,2,1,20,10.97,
1995-02-01,1995,2,1,40,7.77,
1995-02-01,1995,2,1,60,3.07,
1995-02-01,1995,2,1,80,0.94,
1995-02-01,1995,2,1,100,0.09,
1995-02-01,1995,2,1,120,0.17,
1995-02-01,1995,2,1,140,0.15,
1995-02-14,1995,2,14,1,11.39,
1995-02-14,1995,2,14,20,6.97,
1995-02-14,1995,2,14,40,2.82,
1995-02-14,1995,2,14,60,0.77,
1995-02-14,1995,2,14,80,0.32,
1995-02-14,1995,2,14,100,0.0,
1995-02-14,1995,2,14,120,0.0,
1995-02-14,1995,2,14,140,0.0,
1995-03-01,1995,3,1,40,13.16,
1995-03-01,1995,3,1,60,3.69,
1995-03-01,1995,3,1,80,0.34,
1995-03-01,1995,3,1,100,1.49,
1995-03-01,1995,3,1,120,0.0,
1995-03-01,1995,3,1,140,0.1,
1995-03-16,1995,3,16,1,3.39,
1995-03-16,1995,3,16,20,5.48,
1995-03-16,1995,3,16,40,10.28,
1995-03-16,1995,3,16,60,3.83,
1995-03-16,1995,3,16,80,1.61,
1995-03-16,1995,3,16,100,0.46,
1995-03-16,1995,3,16,120,0.16,
1995-03-16,1995,3,16,140,0.13,
1995-03-29,1995,3,29,1,2.7,
1995-03-29,1995,3,29,20,5.08,
1995-03-29,1995,3,29,40,7.06,
1995-03-29,1995,3,29,60,2.86,
1995-03-29,1995,3,29,80,1.32,
1995-03-29,1995,3,29,100,0.29,
1995-03-29,1995,3,29,120,0.06,
1995-03-29,1995,3,29,140,0.0,
1995-04-11,1995,4,11,1,5.6,
1995-04-11,1995,4,11,20,6.23,
1995-04-11,1995,4,11,40,6.15,
1995-04-11,1995,4,11,60,4.2,
1995-04-11,1995,4,11,80,2.32,
1995-04-11,1995,4,11,100,1.39,
1995-04-11,1995,4,11,120,0.39,
1995-04-11,1995,4,11,140,0.03,
1995-04-27,1995,4,27,1,5.32,
1995-04-27,1995,4,27,20,6.73,
1995-04-27,1995,4,27,40,6.86,
1995-04-27,1995,4,27,60,8.86,
1995-04-27,1995,4,27,80,5.52,
1995-04-27,1995,4,27,100,0.91,
1995-04-27,1995,4,27,120,0.25,
1995-04-27,1995,4,27,140,0.01,
1995-05-11,1995,5,11,1,14.21,
1995-05-11,1995,5,11,20,16.51,
1995-05-11,1995,5,11,40,12.83,
1995-05-11,1995,5,11,60,3.77,
1995-05-11,1995,5,11,80,0.53,
1995-05-11,1995,5,11,100,0.62,
1995-05-11,1995,5,11,120,0.34,
1995-05-11,1995,5,11,140,0.1,
1995-06-13,1995,6,13,1,3.87,
1995-06-13,1995,6,13,20,3.6,
1995-06-13,1995,6,13,40,3.69,
1995-06-13,1995,6,13,60,3.24,
1995-06-13,1995,6,13,80,2.62,
1995-06-13,1995,6,13,100,2.37,
1995-06-13,1995,6,13,120,0.54,
1995-06-13,1995,6,13,140,0.14,
1995-07-11,1995,7,11,1,4.7,
1995-07-11,1995,7,11,20,4.22,
1995-07-11,1995,7,11,60,15.47,
1995-07-11,1995,7,11,80,2.95,
1995-07-11,1995,7,11,120,0.0,
1995-07-11,1995,7,11,140,0.0,
1995-09-13,1995,9,13,1,2.62,
1995-09-13,1995,9,13,20,3.24,
1995-09-13,1995,9,13,40,4.45,
1995-09-13,1995,9,13,60,1.55,
1995-09-13,1995,9,13,80,3.81,
1995-09-13,1995,9,13,100,4.42,
1995-09-13,1995,9,13,120,0.47,
1995-09-13,1995,9,13,140,0.16,
1995-10-13,1995,10,13,1,1.92,
1995-10-13,1995,10,13,20,2.41,
1995-10-13,1995,10,13,40,3.75,
1995-10-13,1995,10,13,60,3.42,
1995-10-13,1995,10,13,80,2.69,
1995-10-13,1995,10,13,100,2.03,
1995-10-13,1995,10,13,120,0.58,
1995-10-13,1995,10,13,140,0.17,
1995-11-11,1995,11,11,1,6.29,
1995-11-11,1995,11,11,20,5.49,
1995-11-11,1995,11,11,40,5.59,
1995-11-11,1995,11,11,60,2.23,
1995-11-11,1995,11,11,80,3.12,
1995-11-11,1995,11,11,100,0.38,
1995-11-11,1995,11,11,120,0.09,
1995-11-11,1995,11,11,140,0.11,
1995-12-15,1995,12,15,1,3.15,
1995-12-15,1995,12,15,20,5.36,
1995-12-15,1995,12,15,40,4.06,
1995-12-15,1995,12,15,60,2.06,
1995-12-15,1995,12,15,80,1.53,
1995-12-15,1995,12,15,100,0.37,
1995-12-15,1995,12,15,120,0.29,
1995-12-15,1995,12,15,140,0.03,
1996-01-30,1996,1,30,1,11.2,
1996-01-30,1996,1,30,20,13.06,
1996-01-30,1996,1,30,40,6.44,
1996-01-30,1996,1,30,60,2.17,
1996-01-30,1996,1,30,80,0.74,
1996-01-30,1996,1,30,100,0.17,
1996-01-30,1996,1,30,120,0.02,
1996-01-30,1996,1,30,140,0.0,
1996-02-15,1996,2,15,1,8.32,
1996-02-15,1996,2,15,20,12.11,
1996-02-15,1996,2,15,40,10.56,
1996-02-15,1996,2,15,60,3.57,
1996-02-15,1996,2,15,80,1.15,
1996-02-15,1996,2,15,100,0.3,
1996-02-15,1996,2,15,120,0.06,
1996-02-15,1996,2,15,140,0.0,
1996-02-28,1996,2,28,1,4.93,
1996-02-28,1996,2,28,20,8.45,
1996-02-28,1996,2,28,40,6.89,
1996-02-28,1996,2,28,60,1.79,
1996-02-28,1996,2,28,80,0.32,
1996-02-28,1996,2,28,100,0.08,
1996-02-28,1996,2,28,120,2.2,
1996-02-28,1996,2,28,140,0.78,
1996-03-15,1996,3,15,1,4.41,
1996-03-15,1996,3,15,20,6.1,
1996-03-15,1996,3,15,40,5.26,
1996-03-15,1996,3,15,60,7.04,
1996-03-15,1996,3,15,80,4.12,
1996-03-15,1996,3,15,100,0.92,
1996-03-15,1996,3,15,120,0.12,
1996-03-15,1996,3,15,140,0.03,
1996-03-28,1996,3,28,1,12.61,
1996-03-28,1996,3,28,20,16.52,
1996-03-28,1996,3,28,40,13.1,
1996-03-28,1996,3,28,60,12.6,
1996-03-28,1996,3,28,80,4.23,
1996-03-28,1996,3,28,100,1.2,
1996-03-28,1996,3,28,120,0.0,
1996-03-28,1996,3,28,140,0.01,
1996-04-09,1996,4,9,1,5.28,
1996-04-09,1996,4,9,20,4.45,
1996-04-09,1996,4,9,40,7.33,
1996-04-09,1996,4,9,60,3.78,
1996-04-09,1996,4,9,80,0.48,
1996-04-09,1996,4,9,100,0.0,
1996-04-09,1996,4,9,120,0.0,
1996-04-09,1996,4,9,140,0.0,
1996-04-23,1996,4,23,1,9.52,
1996-04-23,1996,4,23,60,4.23,
1996-04-23,1996,4,23,80,0.85,
1996-04-23,1996,4,23,100,0.02,
1996-04-23,1996,4,23,120,0.1,
1996-04-23,1996,4,23,140,0.0,
1996-05-07,1996,5,7,1,6.06,
1996-05-07,1996,5,7,20,4.8,
1996-05-07,1996,5,7,40,2.79,
1996-05-07,1996,5,7,60,3.72,
1996-05-07,1996,5,7,80,2.7,
1996-05-07,1996,5,7,100,0.31,
1996-05-07,1996,5,7,140,0.0,
1996-06-11,1996,6,11,1,4.88,
1996-06-11,1996,6,11,20,4.48,
1996-06-11,1996,6,11,40,4.22,
1996-06-11,1996,6,11,60,3.7,
1996-06-11,1996,6,11,80,3.25,
1996-06-11,1996,6,11,100,2.76,
1996-06-11,1996,6,11,120,0.72,
1996-06-11,1996,6,11,140,0.13,
1996-07-04,1996,7,4,1,10.74,
1996-07-04,1996,7,4,1,9.21,
1996-07-04,1996,7,4,20,11.33,
1996-07-04,1996,7,4,20,8.08,
1996-07-04,1996,7,4,40,8.07,
1996-07-04,1996,7,4,60,7.75,
1996-07-04,1996,7,4,80,4.68,
1996-07-04,1996,7,4,100,2.07,
1996-07-04,1996,7,4,120,0.73,
1996-07-05,1996,7,5,1,5.64,
1996-07-05,1996,7,5,1,5.85,
1996-07-05,1996,7,5,20,5.8,
1996-07-05,1996,7,5,20,4.45,
1996-07-05,1996,7,5,40,1.4,
1996-07-05,1996,7,5,60,5.31,
1996-07-05,1996,7,5,80,3.26,
1996-07-05,1996,7,5,100,2.35,
1996-07-05,1996,7,5,120,0.42,
1996-07-09,1996,7,9,1,10.17,
1996-07-09,1996,7,9,20,8.51,
1996-07-09,1996,7,9,40,6.51,
1996-07-09,1996,7,9,60,6.29,
1996-07-09,1996,7,9,80,2.74,
1996-07-09,1996,7,9,100,2.51,
1996-08-06,1996,8,6,1,6.06,
1996-08-06,1996,8,6,20,4.16,
1996-08-06,1996,8,6,40,5.85,
1996-08-06,1996,8,6,60,4.4,
1996-08-06,1996,8,6,80,2.77,
1996-08-06,1996,8,6,100,2.41,
1996-08-06,1996,8,6,120,0.97,
1996-08-06,1996,8,6,140,0.13,
1996-09-03,1996,9,3,1,4.02,
1996-09-03,1996,9,3,20,4.82,
1996-09-03,1996,9,3,40,6.05,
1996-09-03,1996,9,3,60,4.58,
1996-09-03,1996,9,3,80,2.76,
1996-09-03,1996,9,3,100,1.4,
1996-09-03,1996,9,3,120,0.79,
1996-09-03,1996,9,3,140,0.25,
1996-10-09,1996,10,9,1,4.81,
1996-10-09,1996,10,9,20,4.99,
1996-10-09,1996,10,9,40,5.27,
1996-10-09,1996,10,9,60,5.23,
1996-10-09,1996,10,9,80,3.27,
1996-10-09,1996,10,9,100,1.43,
1996-10-09,1996,10,9,120,0.43,
1996-10-09,1996,10,9,140,0.28,
1996-11-06,1996,11,6,1,4.54,
1996-11-06,1996,11,6,20,4.24,
1996-11-06,1996,11,6,40,3.71,
1996-11-06,1996,11,6,60,2.53,
1996-11-06,1996,11,6,80,1.89,
1996-11-06,1996,11,6,100,0.67,
1996-11-06,1996,11,6,120,0.42,
1996-11-06,1996,11,6,140,0.11,
1996-12-12,1996,12,12,1,16.23,
1996-12-12,1996,12,12,20,13.08,
1996-12-12,1996,12,12,40,5.99,
1996-12-12,1996,12,12,60,2.0,
1996-12-12,1996,12,12,80,0.44,
1996-12-12,1996,12,12,100,0.11,
1996-12-12,1996,12,12,120,0.0,
1996-12-12,1996,12,12,140,0.0,
1997-01-14,1997,1,14,1,7.28,
1997-01-14,1997,1,14,20,5.25,
1997-01-14,1997,1,14,40,2.26,
1997-01-14,1997,1,14,60,0.91,
1997-01-14,1997,1,14,80,0.2,
1997-01-14,1997,1,14,100,0.03,
1997-01-14,1997,1,14,120,0.0,
1997-01-14,1997,1,14,140,0.0,
1997-01-28,1997,1,28,1,12.16,
1997-01-28,1997,1,28,20,12.9,
1997-01-28,1997,1,28,40,8.66,
1997-01-28,1997,1,28,60,3.12,
1997-01-28,1997,1,28,80,0.96,
1997-01-28,1997,1,28,100,0.24,
1997-01-28,1997,1,28,120,0.0,
1997-01-28,1997,1,28,140,0.0,
1997-02-07,1997,2,7,1,4.76,
1997-02-07,1997,2,7,20,3.92,
1997-02-07,1997,2,7,40,2.82,
1997-02-07,1997,2,7,60,3.24,
1997-02-07,1997,2,7,80,2.05,
1997-02-07,1997,2,7,100,0.5,
1997-02-07,1997,2,7,120,0.23,
1997-02-07,1997,2,7,140,0.11,
1997-02-21,1997,2,21,1,5.69,
1997-02-21,1997,2,21,20,6.32,
1997-02-21,1997,2,21,40,7.66,
1997-02-21,1997,2,21,60,9.07,
1997-02-21,1997,2,21,80,6.42,
1997-02-21,1997,2,21,100,1.76,
1997-02-21,1997,2,21,120,0.23,
1997-02-21,1997,2,21,140,0.15,
1997-03-05,1997,3,5,1,2.2,
1997-03-05,1997,3,5,20,2.26,
1997-03-05,1997,3,5,40,2.9,
1997-03-05,1997,3,5,60,2.63,
1997-03-05,1997,3,5,80,1.75,
1997-03-05,1997,3,5,100,1.27,
1997-03-05,1997,3,5,120,0.56,
1997-03-05,1997,3,5,140,0.16,
1997-03-19,1997,3,19,1,3.73,
1997-03-19,1997,3,19,20,4.79,
1997-03-19,1997,3,19,40,4.04,
1997-03-19,1997,3,19,60,3.14,
1997-03-19,1997,3,19,80,3.88,
1997-03-19,1997,3,19,100,2.07,
1997-03-19,1997,3,19,120,0.27,
1997-03-19,1997,3,19,140,0.05,
1997-04-09,1997,4,9,1,8.57,
1997-04-09,1997,4,9,20,8.17,
1997-04-09,1997,4,9,40,7.12,
1997-04-09,1997,4,9,60,4.56,
1997-04-09,1997,4,9,80,2.53,
1997-04-09,1997,4,9,100,0.87,
1997-04-09,1997,4,9,120,0.24,
1997-04-09,1997,4,9,140,0.06,
1997-05-06,1997,5,6,1,2.62,
1997-05-06,1997,5,6,20,4.93,
1997-05-06,1997,5,6,40,5.61,
1997-05-06,1997,5,6,60,3.93,
1997-05-06,1997,5,6,80,2.74,
1997-05-06,1997,5,6,100,1.98,
1997-05-06,1997,5,6,120,0.56,
1997-05-06,1997,5,6,140,0.08,
1997-06-11,1997,6,11,1,2.56,
1997-06-11,1997,6,11,20,7.13,
1997-06-11,1997,6,11,40,6.49,
1997-06-11,1997,6,11,60,5.8,
1997-06-11,1997,6,11,80,6.97,
1997-06-11,1997,6,11,100,1.33,
1997-06-11,1997,6,11,120,0.1,
1997-06-11,1997,6,11,140,0.01,
1997-07-15,1997,7,15,1,2.75,
1997-07-15,1997,7,15,20,4.64,
1997-07-15,1997,7,15,40,4.43,
1997-07-15,1997,7,15,60,4.56,
1997-07-15,1997,7,15,80,5.96,
1997-07-15,1997,7,15,100,2.46,
1997-07-15,1997,7,15,120,0.62,
1997-07-15,1997,7,15,140,0.15,
1997-08-12,1997,8,12,1,4.91,
1997-08-12,1997,8,12,20,3.72,
1997-08-12,1997,8,12,40,3.05,
1997-08-12,1997,8,12,60,3.07,
1997-08-12,1997,8,12,80,2.25,
1997-08-12,1997,8,12,100,1.3,
1997-08-12,1997,8,12,120,0.86,
1997-08-12,1997,8,12,140,0.28,
1997-10-07,1997,10,7,1,3.92,
1997-10-07,1997,10,7,20,0.99,
1997-10-07,1997,10,7,40,3.79,
1997-10-07,1997,10,7,60,3.35,
1997-10-07,1997,10,7,80,2.65,
1997-10-07,1997,10,7,100,1.79,
1997-10-07,1997,10,7,120,0.61,
1997-10-07,1997,10,7,140,0.17,
1997-11-12,1997,11,12,1,4.85,
1997-11-12,1997,11,12,20,2.71,
1997-11-12,1997,11,12,40,3.76,
1997-11-12,1997,11,12,60,4.75,
1997-11-12,1997,11,12,80,2.44,
1997-11-12,1997,11,12,100,0.51,
1997-11-12,1997,11,12,120,0.2,
1997-11-12,1997,11,12,140,0.07,
1997-12-09,1997,12,9,1,10.81,
1997-12-09,1997,12,9,20,10.37,
1997-12-09,1997,12,9,40,6.45,
1997-12-09,1997,12,9,60,2.73,
1997-12-09,1997,12,9,80,0.85,
1997-12-09,1997,12,9,100,0.29,
1997-12-09,1997,12,9,120,0.11,
1997-12-09,1997,12,9,140,0.03,
1998-01-13,1998,1,13,1,4.76,
1998-01-13,1998,1,13,20,4.45,
1998-01-13,1998,1,13,40,3.8,
1998-01-13,1998,1,13,60,2.55,
1998-01-13,1998,1,13,80,0.8,
1998-01-13,1998,1,13,100,0.5,
1998-01-13,1998,1,13,120,0.13,
1998-01-13,1998,1,13,140,0.02,
1998-02-12,1998,2,12,1,11.8,
1998-02-12,1998,2,12,20,12.62,
1998-02-12,1998,2,12,40,8.77,
1998-02-12,1998,2,12,60,3.82,
1998-02-12,1998,2,12,80,1.2,
1998-02-12,1998,2,12,100,0.21,
1998-02-12,1998,2,12,120,0.08,
1998-02-12,1998,2,12,140,0.12,
1998-03-12,1998,3,12,1,12.55,
1998-03-12,1998,3,12,20,6.77,
1998-03-12,1998,3,12,40,8.78,
1998-03-12,1998,3,12,60,3.03,
1998-03-12,1998,3,12,80,0.47,
1998-03-12,1998,3,12,100,0.31,
1998-03-12,1998,3,12,120,0.08,
1998-03-12,1998,3,12,140,0.04,
1998-03-25,1998,3,25,1,5.05,
1998-03-25,1998,3,25,20,6.84,
1998-03-25,1998,3,25,40,4.1,
1998-03-25,1998,3,25,60,3.45,
1998-03-25,1998,3,25,80,1.18,
1998-03-25,1998,3,25,100,0.13,
1998-03-25,1998,3,25,120,0.16,
1998-03-25,1998,3,25,140,0.09,
1998-04-07,1998,4,7,1,3.88,
1998-04-07,1998,4,7,20,0.49,
1998-04-07,1998,4,7,40,2.66,
1998-04-07,1998,4,7,60,3.59,
1998-04-07,1998,4,7,80,1.37,
1998-04-07,1998,4,7,100,0.89,
1998-04-07,1998,4,7,120,0.13,
1998-04-07,1998,4,7,140,0.1,
1998-05-05,1998,5,5,1,4.2,
1998-05-05,1998,5,5,20,3.55,
1998-05-05,1998,5,5,40,0.18,
1998-05-05,1998,5,5,60,2.3,
1998-05-05,1998,5,5,80,1.61,
1998-05-05,1998,5,5,100,0.21,
1998-05-05,1998,5,5,120,0.04,
1998-05-05,1998,5,5,140,0.0,
1998-06-02,1998,6,2,1,5.43,
1998-06-02,1998,6,2,20,4.94,
1998-06-02,1998,6,2,40,4.36,
1998-06-02,1998,6,2,60,4.01,
1998-06-02,1998,6,2,80,3.18,
1998-06-02,1998,6,2,100,0.85,
1998-06-02,1998,6,2,120,0.11,
1998-06-02,1998,6,2,140,0.0,
1998-07-07,1998,7,7,1,0.74,
1998-07-07,1998,7,7,20,5.94,
1998-07-07,1998,7,7,40,4.66,
1998-07-07,1998,7,7,60,4.24,
1998-07-07,1998,7,7,80,5.4,
1998-07-07,1998,7,7,100,2.04,
1998-07-07,1998,7,7,120,0.29,
1998-07-07,1998,7,7,140,0.04,
1998-08-11,1998,8,11,1,4.16,
1998-08-11,1998,8,11,20,2.72,
1998-08-11,1998,8,11,40,3.59,
1998-08-11,1998,8,11,60,1.77,
1998-08-11,1998,8,11,80,0.21,
1998-08-11,1998,8,11,100,0.08,
1998-08-11,1998,8,11,120,0.03,
1998-08-11,1998,8,11,140,0.0,
1998-09-10,1998,9,10,1,3.58,
1998-09-10,1998,9,10,20,4.43,
1998-09-10,1998,9,10,40,4.26,
1998-09-10,1998,9,10,60,5.12,
1998-09-10,1998,9,10,80,6.23,
1998-09-10,1998,9,10,100,0.78,
1998-09-10,1998,9,10,120,0.07,
1998-09-10,1998,9,10,140,0.05,
1998-10-22,1998,10,22,1,3.21,
1998-10-22,1998,10,22,20,4.36,
1998-10-22,1998,10,22,40,3.33,
1998-10-22,1998,10,22,60,3.61,
1998-10-22,1998,10,22,80,2.98,
1998-10-22,1998,10,22,100,0.44,
1998-10-22,1998,10,22,120,0.11,
1998-10-22,1998,10,22,140,0.02,
1998-11-17,1998,11,17,1,5.06,
1998-11-17,1998,11,17,20,4.31,
1998-11-17,1998,11,17,40,2.23,
1998-11-17,1998,11,17,60,1.7,
1998-11-17,1998,11,17,80,0.98,
1998-11-17,1998,11,17,100,0.59,
1998-11-17,1998,11,17,120,0.26,
1998-11-17,1998,11,17,140,0.05,
1998-12-08,1998,12,8,1,4.53,
1998-12-08,1998,12,8,20,2.01,
1998-12-08,1998,12,8,40,2.45,
1998-12-08,1998,12,8,60,2.17,
1998-12-08,1998,12,8,80,2.34,
1998-12-08,1998,12,8,100,0.79,
1998-12-08,1998,12,8,120,0.17,
1998-12-08,1998,12,8,140,0.07,
1999-01-15,1999,1,15,1,5.1,
1999-01-15,1999,1,15,20,4.0,
1999-01-15,1999,1,15,40,4.2,
1999-01-15,1999,1,15,60,3.11,
1999-01-15,1999,1,15,80,1.49,
1999-01-15,1999,1,15,100,0.46,
1999-01-15,1999,1,15,120,0.25,
1999-01-15,1999,1,15,140,0.02,
1999-01-27,1999,1,27,1,5.89,
1999-01-27,1999,1,27,20,5.73,
1999-01-27,1999,1,27,40,4.55,
1999-01-27,1999,1,27,60,2.51,
1999-01-27,1999,1,27,80,1.26,
1999-01-27,1999,1,27,100,0.37,
1999-01-27,1999,1,27,120,0.5,
1999-01-27,1999,1,27,140,0.1,
1999-02-12,1999,2,12,1,10.45,
1999-02-12,1999,2,12,20,10.6,
1999-02-12,1999,2,12,40,7.97,
1999-02-12,1999,2,12,60,2.79,
1999-02-12,1999,2,12,80,0.38,
1999-02-12,1999,2,12,100,0.0,
1999-02-12,1999,2,12,120,0.0,
1999-02-12,1999,2,12,140,0.01,
1999-02-24,1999,2,24,1,15.24,
1999-02-24,1999,2,24,20,13.09,
1999-02-24,1999,2,24,40,7.45,
1999-02-24,1999,2,24,60,2.77,
1999-02-24,1999,2,24,80,1.19,
1999-02-24,1999,2,24,100,0.4,
1999-02-24,1999,2,24,120,0.18,
1999-02-24,1999,2,24,140,0.0,
1999-03-23,1999,3,23,1,8.56,
1999-03-23,1999,3,23,20,9.47,
1999-03-23,1999,3,23,40,5.91,
1999-03-23,1999,3,23,60,1.57,
1999-03-23,1999,3,23,80,0.36,
1999-03-23,1999,3,23,100,0.05,
1999-03-23,1999,3,23,120,0.05,
1999-03-23,1999,3,23,140,0.01,
1999-04-07,1999,4,7,1,10.97,
1999-04-07,1999,4,7,20,16.21,
1999-04-07,1999,4,7,40,7.95,
1999-04-07,1999,4,7,60,3.05,
1999-04-07,1999,4,7,80,1.11,
1999-04-07,1999,4,7,100,0.36,
1999-04-07,1999,4,7,120,0.1,
1999-04-07,1999,4,7,140,0.01,
1999-05-04,1999,5,4,1,5.63,
1999-05-04,1999,5,4,20,3.89,
1999-05-04,1999,5,4,40,3.65,
1999-05-04,1999,5,4,60,3.26,
1999-05-04,1999,5,4,80,5.89,
1999-05-04,1999,5,4,100,1.77,
1999-05-04,1999,5,4,120,0.41,
1999-05-04,1999,5,4,140,0.15,
1999-06-01,1999,6,1,1,4.97,
1999-06-01,1999,6,1,20,2.75,
1999-06-01,1999,6,1,40,4.48,
1999-06-01,1999,6,1,60,5.39,
1999-06-01,1999,6,1,80,3.24,
1999-06-01,1999,6,1,100,2.47,
1999-06-01,1999,6,1,120,0.51,
1999-06-01,1999,6,1,140,0.09,
1999-07-06,1999,7,6,1,5.63,
1999-07-06,1999,7,6,20,0.17,
1999-07-06,1999,7,6,40,4.05,
1999-07-06,1999,7,6,60,4.5,
1999-07-06,1999,7,6,80,6.26,
1999-07-06,1999,7,6,100,4.42,
1999-07-06,1999,7,6,120,1.94,
1999-07-06,1999,7,6,140,0.18,
1999-08-03,1999,8,3,1,6.26,
1999-08-03,1999,8,3,20,6.3,
1999-08-03,1999,8,3,40,5.1,
1999-08-03,1999,8,3,60,5.92,
1999-08-03,1999,8,3,80,4.92,
1999-08-03,1999,8,3,100,3.25,
1999-08-03,1999,8,3,120,1.35,
1999-08-03,1999,8,3,140,0.58,
1999-09-15,1999,9,15,1,3.85,
1999-09-15,1999,9,15,20,4.45,
1999-09-15,1999,9,15,40,2.44,
1999-09-15,1999,9,15,60,3.22,
1999-09-15,1999,9,15,80,2.57,
1999-09-15,1999,9,15,100,2.47,
1999-09-15,1999,9,15,120,1.05,
1999-09-15,1999,9,15,140,0.29,
1999-10-12,1999,10,12,1,5.18,
1999-10-12,1999,10,12,20,4.98,
1999-10-12,1999,10,12,40,3.93,
1999-10-12,1999,10,12,60,4.41,
1999-10-12,1999,10,12,80,4.3,
1999-10-12,1999,10,12,100,2.14,
1999-10-12,1999,10,12,120,0.56,
1999-10-12,1999,10,12,140,0.12,
1999-11-10,1999,11,10,1,5.87,
1999-11-10,1999,11,10,20,5.38,
1999-11-10,1999,11,10,40,4.7,
1999-11-10,1999,11,10,60,3.4,
1999-11-10,1999,11,10,80,2.82,
1999-11-10,1999,11,10,100,1.91,
1999-11-10,1999,11,10,120,0.57,
1999-11-10,1999,11,10,140,0.2,
1999-12-09,1999,12,9,1,3.84,
1999-12-09,1999,12,9,20,3.85,
1999-12-09,1999,12,9,40,3.42,
1999-12-09,1999,12,9,60,2.36,
1999-12-09,1999,12,9,80,1.14,
1999-12-09,1999,12,9,100,0.78,
1999-12-09,1999,12,9,120,0.31,
1999-12-09,1999,12,9,140,0.07,
2000-01-29,2000,1,29,1,5.96,
2000-01-29,2000,1,29,20,6.76,
2000-01-29,2000,1,29,40,4.25,
2000-01-29,2000,1,29,60,2.07,
2000-01-29,2000,1,29,80,1.26,
2000-01-29,2000,1,29,100,0.41,
2000-01-29,2000,1,29,120,0.09,
2000-01-29,2000,1,29,140,0.0,
2000-02-15,2000,2,15,1,8.76,
2000-02-15,2000,2,15,20,10.4,
2000-02-15,2000,2,15,40,5.71,
2000-02-15,2000,2,15,60,2.51,
2000-02-15,2000,2,15,80,0.61,
2000-02-15,2000,2,15,100,0.19,
2000-02-15,2000,2,15,120,0.07,
2000-02-15,2000,2,15,140,0.0,
2000-03-14,2000,3,14,1,16.94,
2000-03-14,2000,3,14,20,10.51,
2000-03-14,2000,3,14,40,10.74,
2000-03-14,2000,3,14,60,4.55,
2000-03-14,2000,3,14,80,1.44,
2000-03-14,2000,3,14,100,0.49,
2000-03-14,2000,3,14,120,0.24,
2000-03-14,2000,3,14,140,0.0,
2000-04-11,2000,4,11,1,7.74,
2000-04-11,2000,4,11,20,9.52,
2000-04-11,2000,4,11,40,5.56,
2000-04-11,2000,4,11,60,3.43,
2000-04-11,2000,4,11,80,1.03,
2000-04-11,2000,4,11,100,0.29,
2000-05-10,2000,5,10,1,5.8,
2000-05-10,2000,5,10,20,4.2,
2000-05-10,2000,5,10,40,4.63,
2000-05-10,2000,5,10,60,5.15,
2000-05-10,2000,5,10,80,6.18,
2000-05-10,2000,5,10,100,1.73,
2000-05-10,2000,5,10,120,0.35,
2000-05-10,2000,5,10,140,0.07,
2000-06-06,2000,6,6,1,4.8,
2000-06-06,2000,6,6,20,4.28,
2000-06-06,2000,6,6,40,4.18,
2000-06-06,2000,6,6,60,4.02,
2000-06-06,2000,6,6,80,3.51,
2000-06-06,2000,6,6,100,2.42,
2000-06-06,2000,6,6,120,1.53,
2000-06-06,2000,6,6,140,0.3,
2000-07-11,2000,7,11,1,6.17,
2000-07-11,2000,7,11,20,6.5,
2000-07-11,2000,7,11,40,5.69,
2000-07-11,2000,7,11,60,4.97,
2000-07-11,2000,7,11,80,4.72,
2000-07-11,2000,7,11,100,2.92,
2000-07-11,2000,7,11,120,0.59,
2000-07-11,2000,7,11,140,0.08,
2000-08-08,2000,8,8,1,6.13,
2000-08-08,2000,8,8,20,5.28,
2000-08-08,2000,8,8,40,4.7,
2000-08-08,2000,8,8,60,4.97,
2000-08-08,2000,8,8,80,7.88,
2000-08-08,2000,8,8,100,3.82,
2000-08-08,2000,8,8,120,0.43,
2000-08-08,2000,8,8,140,0.07,
2000-09-13,2000,9,13,1,2.66,
2000-09-13,2000,9,13,20,3.55,
2000-09-13,2000,9,13,40,2.86,
2000-09-13,2000,9,13,60,2.47,
2000-09-13,2000,9,13,80,2.42,
2000-09-13,2000,9,13,100,1.86,
2000-09-13,2000,9,13,120,0.6,
2000-09-13,2000,9,13,140,0.09,
2000-12-12,2000,12,12,1,5.05,
2000-12-12,2000,12,12,20,5.35,
2000-12-12,2000,12,12,40,4.72,
2000-12-12,2000,12,12,60,3.14,
2000-12-12,2000,12,12,80,1.59,
2000-12-12,2000,12,12,100,1.08,
2000-12-12,2000,12,12,120,0.46,
2000-12-12,2000,12,12,140,0.09,
2001-01-30,2001,1,30,1,9.18,
2001-01-30,2001,1,30,20,10.24,
2001-01-30,2001,1,30,40,6.42,
2001-01-30,2001,1,30,60,3.26,
2001-01-30,2001,1,30,80,1.99,
2001-01-30,2001,1,30,100,0.69,
2001-01-30,2001,1,30,120,0.12,
2001-01-30,2001,1,30,140,0.0,
2001-02-20,2001,2,20,20,2.35,
2001-02-20,2001,2,20,40,11.77,
2001-02-20,2001,2,20,60,5.97,
2001-02-20,2001,2,20,80,2.55,
2001-02-20,2001,2,20,100,1.0,
2001-02-20,2001,2,20,120,0.05,
2001-02-20,2001,2,20,140,0.08,
2001-03-20,2001,3,20,1,2.92,
2001-03-20,2001,3,20,20,10.02,
2001-03-20,2001,3,20,40,5.99,
2001-03-20,2001,3,20,60,3.8,
2001-03-20,2001,3,20,80,1.7,
2001-03-20,2001,3,20,100,0.67,
2001-03-20,2001,3,20,120,0.28,
2001-03-20,2001,3,20,140,0.13,
2001-04-18,2001,4,18,1,2.09,
2001-04-18,2001,4,18,20,1.17,
2001-04-18,2001,4,18,40,3.57,
2001-04-18,2001,4,18,60,2.45,
2001-04-18,2001,4,18,80,0.89,
2001-04-18,2001,4,18,100,1.2,
2001-04-18,2001,4,18,120,0.32,
2001-04-18,2001,4,18,140,0.03,
2001-05-15,2001,5,15,1,3.72,
2001-05-15,2001,5,15,20,10.47,
2001-05-15,2001,5,15,40,1.88,
2001-05-15,2001,5,15,60,6.49,
2001-05-15,2001,5,15,80,4.72,
2001-05-15,2001,5,15,100,1.37,
2001-05-15,2001,5,15,120,0.62,
2001-05-15,2001,5,15,140,0.4,
2001-06-05,2001,6,5,1,2.53,
2001-06-05,2001,6,5,20,4.53,
2001-06-05,2001,6,5,40,6.02,
2001-06-05,2001,6,5,60,6.55,
2001-06-05,2001,6,5,80,4.06,
2001-06-05,2001,6,5,100,3.34,
2001-06-05,2001,6,5,120,1.63,
2001-06-05,2001,6,5,140,1.8,
2001-07-18,2001,7,18,1,7.58,
2001-07-18,2001,7,18,20,2.68,
2001-07-18,2001,7,18,40,6.29,
2001-07-18,2001,7,18,60,5.04,
2001-07-18,2001,7,18,80,3.79,
2001-07-18,2001,7,18,100,2.96,
2001-07-18,2001,7,18,120,0.68,
2001-07-18,2001,7,18,140,0.19,
2001-08-07,2001,8,7,1,4.84,
2001-08-07,2001,8,7,20,3.85,
2001-08-07,2001,8,7,40,4.23,
2001-08-07,2001,8,7,60,4.85,
2001-08-07,2001,8,7,80,3.76,
2001-08-07,2001,8,7,100,1.81,
2001-08-07,2001,8,7,120,0.61,
2001-08-07,2001,8,7,140,0.2,
2001-09-12,2001,9,12,1,4.26,
2001-09-12,2001,9,12,20,2.6,
2001-09-12,2001,9,12,40,6.48,
2001-09-12,2001,9,12,60,4.69,
2001-09-12,2001,9,12,80,3.33,
2001-09-12,2001,9,12,100,2.27,
2001-09-12,2001,9,12,120,0.79,
2001-09-12,2001,9,12,140,0.03,
2001-11-09,2001,11,9,1,6.19,
2001-11-09,2001,11,9,20,12.28,
2001-11-09,2001,11,9,40,7.85,
2001-11-09,2001,11,9,60,6.87,
2001-11-09,2001,11,9,80,5.62,
2001-11-09,2001,11,9,100,2.57,
2001-11-09,2001,11,9,120,0.71,
2001-11-09,2001,11,9,140,0.22,
2001-12-11,2001,12,11,1,10.87,
2001-12-11,2001,12,11,20,10.51,
2001-12-11,2001,12,11,40,7.13,
2001-12-11,2001,12,11,60,5.1,
2001-12-11,2001,12,11,80,1.41,
2001-12-11,2001,12,11,100,1.47,
2001-12-11,2001,12,11,120,0.32,
2002-02-13,2002,2,13,1,14.36,
2002-02-13,2002,2,13,40,14.24,
2002-02-13,2002,2,13,60,5.62,
2002-02-13,2002,2,13,80,1.3,
2002-02-13,2002,2,13,100,0.4,
2002-02-13,2002,2,13,120,0.11,
2002-02-13,2002,2,13,140,0.03,
2002-02-27,2002,2,27,1,13.86,
2002-02-27,2002,2,27,20,15.74,
2002-02-27,2002,2,27,40,12.24,
2002-02-27,2002,2,27,60,4.98,
2002-02-27,2002,2,27,80,1.7,
2002-02-27,2002,2,27,100,0.7,
2002-02-27,2002,2,27,120,0.3,
2002-02-27,2002,2,27,140,0.08,
2002-03-07,2002,3,7,1,10.08,
2002-03-07,2002,3,7,20,11.91,
2002-03-07,2002,3,7,40,8.04,
2002-03-07,2002,3,7,60,5.01,
2002-03-07,2002,3,7,80,1.88,
2002-03-07,2002,3,7,100,0.78,
2002-03-07,2002,3,7,120,0.26,
2002-03-07,2002,3,7,140,0.08,
2002-03-19,2002,3,19,1,10.26,
2002-03-19,2002,3,19,20,12.46,
2002-03-19,2002,3,19,40,7.01,
2002-03-19,2002,3,19,60,9.9,
2002-03-19,2002,3,19,80,0.51,
2002-03-19,2002,3,19,100,1.36,
2002-03-19,2002,3,19,120,0.4,
2002-03-19,2002,3,19,140,0.12,
2002-04-16,2002,4,16,1,3.57,
2002-04-16,2002,4,16,20,3.64,
2002-04-16,2002,4,16,40,2.98,
2002-04-16,2002,4,16,60,2.49,
2002-04-16,2002,4,16,80,1.93,
2002-04-16,2002,4,16,100,1.88,
2002-04-16,2002,4,16,120,1.7,
2002-04-16,2002,4,16,140,0.41,
2002-05-13,2002,5,13,1,4.97,
2002-05-13,2002,5,13,20,4.76,
2002-05-13,2002,5,13,40,4.86,
2002-05-13,2002,5,13,60,6.43,
2002-05-13,2002,5,13,80,4.46,
2002-05-13,2002,5,13,100,1.23,
2002-05-13,2002,5,13,120,0.03,
2002-05-13,2002,5,13,140,0.03,
2002-06-04,2002,6,4,1,6.58,
2002-06-04,2002,6,4,20,5.12,
2002-06-04,2002,6,4,40,5.57,
2002-06-04,2002,6,4,60,6.25,
2002-06-04,2002,6,4,80,4.86,
2002-06-04,2002,6,4,100,3.08,
2002-06-04,2002,6,4,120,0.83,
2002-06-04,2002,6,4,140,0.16,
2002-07-02,2002,7,2,1,7.72,
2002-07-02,2002,7,2,20,7.63,
2002-07-02,2002,7,2,40,6.39,
2002-07-02,2002,7,2,60,4.75,
2002-07-02,2002,7,2,80,2.33,
2002-07-02,2002,7,2,100,2.36,
2002-07-02,2002,7,2,120,1.56,
2002-07-02,2002,7,2,140,0.63,
2002-09-17,2002,9,17,1,6.58,
2002-09-17,2002,9,17,20,6.35,
2002-09-17,2002,9,17,40,6.98,
2002-09-17,2002,9,17,60,5.9,
2002-09-17,2002,9,17,80,8.42,
2002-09-17,2002,9,17,100,1.36,
2002-09-17,2002,9,17,120,0.73,
2002-09-17,2002,9,17,140,0.17,
2002-10-08,2002,10,8,1,5.76,
2002-10-08,2002,10,8,20,6.18,
2002-10-08,2002,10,8,40,5.74,
2002-10-08,2002,10,8,60,4.98,
2002-10-08,2002,10,8,80,3.31,
2002-10-08,2002,10,8,100,1.45,
2002-10-08,2002,10,8,120,0.83,
2002-10-08,2002,10,8,140,0.22,
2002-11-13,2002,11,13,1,7.84,
2002-11-13,2002,11,13,20,8.2,
2002-11-13,2002,11,13,40,4.75,
2002-11-13,2002,11,13,60,5.51,
2002-11-13,2002,11,13,80,3.63,
2002-11-13,2002,11,13,100,2.9,
2002-11-13,2002,11,13,120,0.58,
2002-11-13,2002,11,13,140,0.04,
2002-12-10,2002,12,10,1,6.88,
2002-12-10,2002,12,10,20,7.0,
2002-12-10,2002,12,10,40,3.82,
2002-12-10,2002,12,10,60,2.63,
2002-12-10,2002,12,10,80,1.1,
2002-12-10,2002,12,10,100,0.48,
2002-12-10,2002,12,10,120,0.36,
2002-12-10,2002,12,10,140,0.0,
2003-02-04,2003,2,4,1,12.95,
2003-02-04,2003,2,4,20,12.57,
2003-02-04,2003,2,4,40,7.93,
2003-02-04,2003,2,4,60,4.95,
2003-02-04,2003,2,4,80,2.14,
2003-02-04,2003,2,4,100,0.7,
2003-02-04,2003,2,4,120,0.07,
2003-02-04,2003,2,4,140,0.08,
2003-02-21,2003,2,21,1,6.99,
2003-02-21,2003,2,21,20,7.02,
2003-02-21,2003,2,21,40,5.78,
2003-02-21,2003,2,21,60,2.64,
2003-02-21,2003,2,21,80,0.76,
2003-02-21,2003,2,21,100,0.28,
2003-02-21,2003,2,21,120,0.23,
2003-02-21,2003,2,21,140,0.11,
2003-03-04,2003,3,4,40,7.37,
2003-03-04,2003,3,4,60,3.17,
2003-03-04,2003,3,4,80,0.72,
2003-03-04,2003,3,4,100,0.63,
2003-03-04,2003,3,4,120,0.24,
2003-03-04,2003,3,4,140,0.2,
2003-03-21,2003,3,21,1,11.67,
2003-03-21,2003,3,21,20,13.82,
2003-03-21,2003,3,21,40,10.96,
2003-03-21,2003,3,21,60,7.0,
2003-03-21,2003,3,21,80,2.88,
2003-03-21,2003,3,21,100,1.07,
2003-03-21,2003,3,21,120,0.39,
2003-03-21,2003,3,21,140,0.0,
2003-04-02,2003,4,2,1,5.56,
2003-04-02,2003,4,2,20,6.17,
2003-04-02,2003,4,2,40,6.48,
2003-04-02,2003,4,2,60,5.21,
2003-04-02,2003,4,2,80,3.41,
2003-04-02,2003,4,2,100,3.13,
2003-04-02,2003,4,2,120,0.36,
2003-04-02,2003,4,2,140,0.1,
2003-04-03,2003,4,3,1,14.36,
2003-04-03,2003,4,3,20,16.99,
2003-04-03,2003,4,3,40,16.22,
2003-04-03,2003,4,3,60,17.18,
2003-04-03,2003,4,3,80,3.31,
2003-04-03,2003,4,3,100,0.74,
2003-04-03,2003,4,3,120,0.3,
2003-04-03,2003,4,3,140,0.27,
2003-05-20,2003,5,20,1,5.56,
2003-05-20,2003,5,20,20,6.17,
2003-05-20,2003,5,20,40,6.48,
2003-05-20,2003,5,20,60,5.21,
2003-05-20,2003,5,20,80,3.41,
2003-05-20,2003,5,20,100,3.13,
2003-05-20,2003,5,20,120,0.36,
2003-05-20,2003,5,20,140,0.1,
2003-07-04,2003,7,4,1,4.56,
2003-07-04,2003,7,4,20,6.01,
2003-07-04,2003,7,4,40,6.52,
2003-07-04,2003,7,4,60,5.97,
2003-07-04,2003,7,4,80,4.14,
2003-07-04,2003,7,4,100,3.89,
2003-07-04,2003,7,4,120,1.2,
2003-07-04,2003,7,4,140,0.15,
2003-07-15,2003,7,15,1,6.49,
2003-07-15,2003,7,15,20,6.08,
2003-07-15,2003,7,15,40,7.12,
2003-07-15,2003,7,15,60,5.69,
2003-07-15,2003,7,15,80,3.53,
2003-07-15,2003,7,15,100,1.36,
2003-07-15,2003,7,15,120,1.01,
2003-07-15,2003,7,15,140,0.44,
2003-08-12,2003,8,12,1,4.45,
2003-08-12,2003,8,12,20,6.14,
2003-08-12,2003,8,12,40,5.33,
2003-08-12,2003,8,12,60,4.83,
2003-08-12,2003,8,12,80,3.12,
2003-08-12,2003,8,12,100,1.53,
2003-08-12,2003,8,12,120,1.08,
2003-08-12,2003,8,12,140,1.11,
2003-09-19,2003,9,19,1,7.28,
2003-09-19,2003,9,19,20,5.87,
2003-09-19,2003,9,19,40,5.56,
2003-09-19,2003,9,19,60,7.24,
2003-09-19,2003,9,19,80,6.28,
2003-09-19,2003,9,19,100,1.92,
2003-09-19,2003,9,19,120,0.39,
2003-09-19,2003,9,19,140,0.08,
2003-11-04,2003,11,4,1,5.8,
2003-11-04,2003,11,4,20,6.14,
2003-11-04,2003,11,4,40,4.73,
2003-11-04,2003,11,4,60,3.46,
2003-11-04,2003,11,4,80,4.37,
2003-11-04,2003,11,4,100,0.74,
2003-11-04,2003,11,4,120,0.21,
2003-11-04,2003,11,4,140,0.0,
2003-12-02,2003,12,2,1,4.6,
2003-12-02,2003,12,2,20,5.38,
2003-12-02,2003,12,2,40,4.05,
2003-12-02,2003,12,2,60,3.13,
2003-12-02,2003,12,2,80,2.14,
2003-12-02,2003,12,2,100,1.75,
2003-12-02,2003,12,2,120,0.36,
2003-12-02,2003,12,2,140,0.0,
2004-01-27,2004,1,27,1,15.92,
2004-01-27,2004,1,27,20,14.52,
2004-01-27,2004,1,27,40,8.31,
2004-01-27,2004,1,27,60,3.09,
2004-01-27,2004,1,27,80,0.97,
2004-01-27,2004,1,27,100,0.12,
2004-01-27,2004,1,27,120,0.0,
2004-01-27,2004,1,27,140,0.0,
2004-03-10,2004,3,10,1,8.61,
2004-03-10,2004,3,10,20,1.34,
2004-03-10,2004,3,10,40,2.24,
2004-03-10,2004,3,10,60,1.21,
2004-03-10,2004,3,10,80,0.45,
2004-03-10,2004,3,10,100,0.35,
2004-03-10,2004,3,10,120,0.16,
2004-03-10,2004,3,10,140,0.12,
2004-04-07,2004,4,7,140,0.05,
2004-04-21,2004,4,21,140,0.18,
2004-06-15,2004,6,15,1,5.74,
2004-06-15,2004,6,15,20,5.94,
2004-06-15,2004,6,15,40,5.86,
2004-06-15,2004,6,15,60,3.81,
2004-06-15,2004,6,15,80,2.65,
2004-06-15,2004,6,15,100,0.1,
2004-06-15,2004,6,15,120,1.37,
2004-06-15,2004,6,15,140,0.63,
2004-07-14,2004,7,14,1,0.7,
2004-07-14,2004,7,14,20,4.95,
2004-07-14,2004,7,14,40,3.03,
2004-07-14,2004,7,14,60,1.46,
2004-07-14,2004,7,14,80,2.23,
2004-07-14,2004,7,14,100,1.23,
2004-07-14,2004,7,14,120,1.15,
2004-07-14,2004,7,14,140,0.39,
2004-08-17,2004,8,17,1,3.44,
2004-08-17,2004,8,17,20,4.35,
2004-08-17,2004,8,17,40,4.91,
2004-08-17,2004,8,17,60,2.0,
2004-08-17,2004,8,17,80,3.66,
2004-08-17,2004,8,17,100,2.47,
2004-08-17,2004,8,17,120,1.95,
2004-08-17,2004,8,17,140,0.65,
2004-09-14,2004,9,14,1,5.22,
2004-09-14,2004,9,14,20,5.33,
2004-09-14,2004,9,14,40,5.04,
2004-09-14,2004,9,14,60,3.7,
2004-09-14,2004,9,14,80,2.96,
2004-09-14,2004,9,14,100,2.47,
2004-09-14,2004,9,14,120,0.59,
2004-09-14,2004,9,14,140,0.12,
2007-08-17,2007,8,17,1,4.28,
2007-08-17,2007,8,17,100,0.79,
2007-08-17,2007,8,17,120,1.15,
2007-08-17,2007,8,17,140,0.09,
2007-08-17,2007,8,17,20,5.32,
2007-08-17,2007,8,17,40,3.38,
2007-08-17,2007,8,17,60,3.21,
2007-08-17,2007,8,17,80,2.41,
2007-09-08,2007,9,8,1,7.09,
2007-09-08,2007,9,8,20,6.77,
2007-09-08,2007,9,8,40,8.18,
2007-09-08,2007,9,8,60,6.74,
2007-09-08,2007,9,8,80,2.67,
2007-09-08,2007,9,8,100,1.37,
2007-09-08,2007,9,8,120,0.3,
2007-09-08,2007,9,8,140,0.12,
2007-10-06,2007,10,6,1,5.63,
2007-10-06,2007,10,6,40,5.08,
2007-10-06,2007,10,6,60,6.06,
2007-10-06,2007,10,6,80,0.6,
2007-10-06,2007,10,6,100,0.46,
2007-10-06,2007,10,6,120,0.39,
2007-10-06,2007,10,6,140,0.12,
2007-11-14,2007,11,14,1,5.13,
2007-11-14,2007,11,14,20,5.6,
2007-11-14,2007,11,14,40,4.15,
2007-11-14,2007,11,14,60,2.2,
2007-11-14,2007,11,14,80,1.96,
2007-11-14,2007,11,14,100,0.3,
2007-11-14,2007,11,14,120,0.06,
2007-11-14,2007,11,14,140,0.06,
2007-12-06,2007,12,6,80,0.65,
2007-12-06,2007,12,6,100,0.2,
2007-12-06,2007,12,6,120,0.02,
2007-12-06,2007,12,6,140,0.14,
2007-12-06,2007,12,6,1,4.82,
2007-12-06,2007,12,6,20,4.68,
2007-12-06,2007,12,6,40,3.37,
2007-12-06,2007,12,6,60,1.75,
2008-01-17,2008,1,17,1,13.61,
2008-01-17,2008,1,17,20,11.45,
2008-01-17,2008,1,17,40,5.86,
2008-01-17,2008,1,17,60,2.09,
2008-01-17,2008,1,17,80,0.42,
2008-01-17,2008,1,17,100,0.1,
2008-01-17,2008,1,17,120,0.0,
2008-01-17,2008,1,17,140,0.0,
2008-02-12,2008,2,12,1,5.18,
2008-02-12,2008,2,12,20,5.99,
2008-02-12,2008,2,12,40,4.83,
2008-02-12,2008,2,12,60,2.58,
2008-02-12,2008,2,12,80,1.45,
2008-02-12,2008,2,12,100,0.72,
2008-02-12,2008,2,12,120,0.32,
2008-02-12,2008,2,12,140,0.0,
2008-02-23,2008,2,23,1,1.87,
2008-02-23,2008,2,23,20,4.08,
2008-02-23,2008,2,23,40,3.71,
2008-02-23,2008,2,23,60,3.58,
2008-02-23,2008,2,23,80,1.8,
2008-02-23,2008,2,23,100,0.75,
2008-02-23,2008,2,23,120,0.35,
2008-02-23,2008,2,23,140,0.25,
2008-03-13,2008,3,13,1,4.19,
2008-03-13,2008,3,13,20,4.81,
2008-03-13,2008,3,13,40,3.35,
2008-03-13,2008,3,13,60,2.65,
2008-03-13,2008,3,13,80,1.41,
2008-03-13,2008,3,13,100,3.35,
2008-03-13,2008,3,13,120,0.25,
2008-03-13,2008,3,13,140,0.14,
2008-03-25,2008,3,25,1,11.67,
2008-03-25,2008,3,25,20,10.86,
2008-03-25,2008,3,25,40,7.56,
2008-03-25,2008,3,25,60,2.06,
2008-03-25,2008,3,25,80,0.55,
2008-03-25,2008,3,25,100,0.12,
2008-03-25,2008,3,25,120,0.02,
2008-03-25,2008,3,25,140,0.0,
2008-04-15,2008,4,15,1,2.61,
2008-04-15,2008,4,15,20,1.84,
2008-04-15,2008,4,15,40,0.61,
2008-04-15,2008,4,15,60,1.12,
2008-04-15,2008,4,15,80,0.66,
2008-04-15,2008,4,15,100,0.55,
2008-04-15,2008,4,15,120,0.4,
2008-05-30,2008,5,30,20,9.46,
2008-05-30,2008,5,30,1,6.73,
2008-05-30,2008,5,30,40,4.17,
2008-05-30,2008,5,30,60,5.45,
2008-05-30,2008,5,30,80,3.07,
2008-05-30,2008,5,30,100,0.86,
2008-05-30,2008,5,30,120,0.19,
2008-05-30,2008,5,30,140,0.0,
2008-06-22,2008,6,22,1,6.65,
2008-06-22,2008,6,22,20,7.19,
2008-06-22,2008,6,22,40,4.91,
2008-06-22,2008,6,22,60,4.42,
2008-06-22,2008,6,22,80,3.43,
2008-06-22,2008,6,22,100,2.22,
2008-06-22,2008,6,22,120,1.38,
2008-06-22,2008,6,22,140,0.69,
2008-08-14,2008,8,14,1,4.31,
2008-08-14,2008,8,14,20,5.22,
2008-08-14,2008,8,14,40,4.66,
2008-08-14,2008,8,14,60,6.13,
2008-08-14,2008,8,14,80,4.07,
2008-08-14,2008,8,14,100,0.83,
2008-08-14,2008,8,14,120,0.15,
2008-08-14,2008,8,14,140,0.04,
2008-09-12,2008,9,12,1,3.9,
2008-09-12,2008,9,12,20,3.59,
2008-09-12,2008,9,12,40,4.17,
2008-09-12,2008,9,12,60,2.95,
2008-09-12,2008,9,12,80,4.18,
2008-09-12,2008,9,12,100,2.06,
2008-09-12,2008,9,12,120,0.52,
2009-08-15,2009,8,15,1,5.64,
2009-08-15,2009,8,15,20,3.67,
2009-08-15,2009,8,15,40,4.19,
2009-08-15,2009,8,15,60,4.53,
2009-08-15,2009,8,15,80,4.4,
2009-08-15,2009,8,15,100,1.71,
2009-08-15,2009,8,15,120,0.31,
2009-08-15,2009,8,15,140,0.05,
2009-11-08,2009,11,8,1,1.95,
2009-11-08,2009,11,8,20,2.38,
2009-11-08,2009,11,8,40,2.74,
2009-11-08,2009,11,8,60,1.47,
2009-11-08,2009,11,8,80,1.76,
2009-11-08,2009,11,8,100,1.15,
2009-11-08,2009,11,8,120,0.15,
2009-11-08,2009,11,8,140,0.0,
2009-12-09,2009,12,9,1,4.32,
2009-12-09,2009,12,9,20,5.61,
2009-12-09,2009,12,9,40,4.28,
2009-12-09,2009,12,9,60,2.53,
2009-12-09,2009,12,9,80,0.49,
2009-12-09,2009,12,9,100,0.52,
2009-12-09,2009,12,9,120,0.0,
2009-12-09,2009,12,9,140,0.0,
2010-02-24,2010,2,24,40,17.02,
2010-02-24,2010,2,24,80,3.29,
2010-02-24,2010,2,24,120,0.44,
2010-02-24,2010,2,24,140,0.06,
2010-03-25,2010,3,25,40,8.59,
2010-03-25,2010,3,25,60,2.12,
2010-03-25,2010,3,25,80,0.75,
2010-03-25,2010,3,25,100,1.51,
2010-03-25,2010,3,25,120,0.09,
2010-03-25,2010,3,25,140,0.42,
2010-04-07,2010,4,7,40,13.1,
2010-04-07,2010,4,7,60,2.0,
2010-04-07,2010,4,7,80,0.0,
2010-04-07,2010,4,7,100,0.17,
2010-04-07,2010,4,7,120,0.0,
2010-04-07,2010,4,7,140,0.09,
2010-04-22,2010,4,22,1,2.45,
2010-04-22,2010,4,22,20,2.83,
2010-04-22,2010,4,22,40,4.06,
2010-04-22,2010,4,22,60,3.77,
2010-04-22,2010,4,22,80,6.21,
2010-04-22,2010,4,22,100,0.97,
2010-04-22,2010,4,22,120,0.24,
2010-04-22,2010,4,22,140,0.07,
2010-05-14,2010,5,14,1,9.73,
2010-05-14,2010,5,14,20,9.39,
2010-05-14,2010,5,14,40,5.84,
2010-05-14,2010,5,14,60,3.29,
2010-05-14,2010,5,14,80,2.74,
2010-05-14,2010,5,14,100,0.36,
2010-06-23,2010,6,23,1,9.17,
2010-06-23,2010,6,23,20,7.78,
2010-06-23,2010,6,23,40,6.42,
2010-06-23,2010,6,23,60,5.23,
2010-06-23,2010,6,23,80,4.79,
2010-06-23,2010,6,23,100,0.75,
2010-06-23,2010,6,23,120,0.06,
2010-07-24,2010,7,24,1,3.9,
2010-07-24,2010,7,24,20,4.06,
2010-07-24,2010,7,24,40,4.21,
2010-07-24,2010,7,24,60,3.79,
2010-07-24,2010,7,24,80,2.66,
2010-07-24,2010,7,24,100,2.09,
2010-07-24,2010,7,24,120,0.59,
2010-07-24,2010,7,24,140,0.12,
2010-08-21,2010,8,21,1,4.92,
2010-08-21,2010,8,21,20,6.22,
2010-08-21,2010,8,21,40,4.96,
2010-08-21,2010,8,21,60,4.62,
2010-08-21,2010,8,21,80,5.72,
2010-08-21,2010,8,21,100,1.39,
2010-08-21,2010,8,21,120,0.23,
2010-08-21,2010,8,21,140,0.14,
2010-09-06,2010,9,6,1,0.0,
2010-09-06,2010,9,6,20,4.73,
2010-09-06,2010,9,6,40,2.94,
2010-09-06,2010,9,6,60,6.33,
2010-09-06,2010,9,6,80,4.02,
2010-09-06,2010,9,6,100,0.48,
2010-09-06,2010,9,6,120,0.06,
2010-10-07,2010,10,7,1,2.37,
2010-10-07,2010,10,7,20,2.08,
2010-10-07,2010,10,7,40,0.46,
2010-10-07,2010,10,7,60,4.3,
2010-10-07,2010,10,7,80,4.7,
2010-10-07,2010,10,7,100,1.36,
2010-10-07,2010,10,7,120,0.22,
2010-10-07,2010,10,7,140,0.13,
2010-11-11,2010,11,11,1,4.62,
2010-11-11,2010,11,11,20,2.45,
2010-11-11,2010,11,11,40,2.22,
2010-11-11,2010,11,11,60,1.92,
2010-11-11,2010,11,11,80,0.43,
2010-11-11,2010,11,11,100,4.39,
2010-11-11,2010,11,11,120,0.01,
2010-11-11,2010,11,11,140,0.09,
2010-12-09,2010,12,9,1,4.36,
2010-12-09,2010,12,9,20,5.93,
2010-12-09,2010,12,9,40,3.12,
2010-12-09,2010,12,9,60,1.85,
2010-12-09,2010,12,9,80,0.0,
2010-12-09,2010,12,9,100,0.06,
2010-12-09,2010,12,9,120,0.95,
2010-12-09,2010,12,9,140,1.27,
2011-03-06,2011,3,6,1,15.71,
2011-03-06,2011,3,6,20,13.58,
2011-03-06,2011,3,6,40,6.03,
2011-03-06,2011,3,6,60,4.12,
2011-03-06,2011,3,6,80,1.31,
2011-03-06,2011,3,6,100,0.44,
2011-03-06,2011,3,6,120,0.13,
2011-03-06,2011,3,6,140,0.0,
2011-03-27,2011,3,27,1,16.25,
2011-03-27,2011,3,27,20,15.49,
2011-03-27,2011,3,27,40,16.41,
2011-03-27,2011,3,27,60,6.08,
2011-03-27,2011,3,27,80,2.01,
2011-03-27,2011,3,27,100,0.17,
2011-03-27,2011,3,27,120,0.08,
2011-03-27,2011,3,27,140,0.08,
2011-04-07,2011,4,7,1,9.2,
2011-04-07,2011,4,7,40,12.14,
2011-04-07,2011,4,7,60,4.52,
2011-04-07,2011,4,7,80,0.85,
2011-04-07,2011,4,7,100,0.03,
2011-04-07,2011,4,7,120,0.01,
2011-04-07,2011,4,7,140,0.0,
2011-04-27,2011,4,27,1,5.54,
2011-04-27,2011,4,27,20,4.02,
2011-04-27,2011,4,27,40,3.92,
2011-04-27,2011,4,27,60,8.04,
2011-04-27,2011,4,27,80,4.05,
2011-04-27,2011,4,27,100,4.1,
2011-04-27,2011,4,27,120,0.06,
2011-05-18,2011,5,18,1,2.83,
2011-05-18,2011,5,18,20,6.25,
2011-05-18,2011,5,18,40,4.61,
2011-05-18,2011,5,18,60,8.06,
2011-05-18,2011,5,18,80,1.64,
2011-05-18,2011,5,18,100,0.41,
2011-05-18,2011,5,18,120,0.0,
2011-05-18,2011,5,18,140,0.0,
2011-06-16,2011,6,16,1,4.66,
2011-06-16,2011,6,16,20,4.56,
2011-06-16,2011,6,16,40,6.86,
2011-06-16,2011,6,16,60,9.06,
2011-06-16,2011,6,16,80,2.73,
2011-06-16,2011,6,16,100,1.2,
2011-06-16,2011,6,16,120,0.18,
2011-06-16,2011,6,16,140,0.06,
2011-07-07,2011,7,7,1,1.97,
2011-07-07,2011,7,7,20,3.06,
2011-07-07,2011,7,7,40,4.88,
2011-07-07,2011,7,7,60,4.18,
2011-07-07,2011,7,7,80,2.35,
2011-07-07,2011,7,7,100,1.54,
2011-07-07,2011,7,7,120,0.31,
2011-08-19,2011,8,19,1,2.59,
2011-08-19,2011,8,19,20,3.13,
2011-08-19,2011,8,19,40,3.48,
2011-08-19,2011,8,19,60,3.46,
2011-08-19,2011,8,19,80,2.23,
2011-08-19,2011,8,19,100,1.03,
2011-08-19,2011,8,19,120,0.37,
2011-08-19,2011,8,19,140,0.0,
2011-09-13,2011,9,13,1,2.01,
2011-09-13,2011,9,13,20,1.98,
2011-09-13,2011,9,13,40,2.11,
2011-09-13,2011,9,13,60,1.14,
2011-09-13,2011,9,13,80,1.03,
2011-09-13,2011,9,13,100,0.76,
2011-09-13,2011,9,13,120,0.31,
2011-09-13,2011,9,13,140,0.05,
2011-11-01,2011,11,1,1,5.84,
2011-11-01,2011,11,1,20,6.95,
2011-11-01,2011,11,1,40,4.87,
2011-11-01,2011,11,1,60,3.43,
2011-11-01,2011,11,1,80,2.08,
2011-11-01,2011,11,1,100,0.74,
2011-11-01,2011,11,1,120,0.15,
2011-11-01,2011,11,1,140,0.0,
2011-11-18,2011,11,18,1,4.31,
2011-11-18,2011,11,18,20,4.54,
2011-11-18,2011,11,18,40,2.45,
2011-11-18,2011,11,18,60,0.96,
2011-11-18,2011,11,18,80,0.55,
2011-11-18,2011,11,18,100,0.2,
2011-11-18,2011,11,18,120,0.01,
2011-12-09,2011,12,9,1,5.55,
2011-12-09,2011,12,9,20,4.72,
2011-12-09,2011,12,9,40,4.18,
2011-12-09,2011,12,9,60,1.85,
2011-12-09,2011,12,9,80,0.65,
2011-12-09,2011,12,9,100,0.36,
2011-12-09,2011,12,9,120,0.09,
2011-12-09,2011,12,9,140,0.0,
2012-02-10,2012,2,10,1,5.25,
2012-02-10,2012,2,10,20,3.94,
2012-02-10,2012,2,10,40,2.85,
2012-02-10,2012,2,10,60,1.4,
2012-02-10,2012,2,10,80,0.25,
2012-02-10,2012,2,10,100,0.86,
2012-02-10,2012,2,10,120,0.08,
2012-03-29,2012,3,29,1,2.17,
2012-03-29,2012,3,29,20,3.96,
2012-03-29,2012,3,29,40,3.87,
2012-03-29,2012,3,29,60,2.8,
2012-03-29,2012,3,29,80,1.06,
2012-03-29,2012,3,29,100,0.75,
2012-03-29,2012,3,29,120,0.19,
2012-03-29,2012,3,29,140,0.0,
2012-04-12,2012,4,12,1,2.23,
2012-04-12,2012,4,12,20,3.21,
2012-04-12,2012,4,12,40,3.26,
2012-04-12,2012,4,12,60,3.02,
2012-04-12,2012,4,12,80,1.77,
2012-04-12,2012,4,12,100,0.94,
2012-04-12,2012,4,12,120,0.35,
2012-04-12,2012,4,12,140,0.13,
2012-04-26,2012,4,26,1,1.33,
2012-04-26,2012,4,26,20,1.87,
2012-04-26,2012,4,26,40,1.88,
2012-04-26,2012,4,26,60,1.4,
2012-04-26,2012,4,26,80,1.15,
2012-04-26,2012,4,26,100,1.5,
2012-04-26,2012,4,26,120,0.57,
2012-04-26,2012,4,26,140,0.21,
2012-05-20,2012,5,20,1,3.45,
2012-05-20,2012,5,20,20,6.25,
2012-05-20,2012,5,20,40,4.94,
2012-05-20,2012,5,20,60,8.77,
2012-05-20,2012,5,20,80,3.03,
2012-05-20,2012,5,20,100,0.38,
2012-05-20,2012,5,20,120,0.0,
2012-05-20,2012,5,20,140,0.08,
2012-06-19,2012,6,19,1,5.51,
2012-06-19,2012,6,19,20,3.7,
2012-06-19,2012,6,19,40,2.6,
2012-06-19,2012,6,19,60,5.14,
2012-06-19,2012,6,19,80,3.75,
2012-06-19,2012,6,19,100,0.99,
2012-06-19,2012,6,19,120,0.13,
2012-06-19,2012,6,19,140,0.01,
2012-07-13,2012,7,13,1,5.63,
2012-07-13,2012,7,13,20,2.31,
2012-07-13,2012,7,13,40,5.33,
2012-07-13,2012,7,13,60,4.32,
2012-07-13,2012,7,13,80,4.99,
2012-07-13,2012,7,13,100,1.52,
2012-07-13,2012,7,13,120,0.13,
2012-07-13,2012,7,13,140,0.0,
2012-08-21,2012,8,21,1,4.74,
2012-08-21,2012,8,21,20,3.58,
2012-08-21,2012,8,21,40,2.18,
2012-08-21,2012,8,21,60,2.78,
2012-08-21,2012,8,21,80,2.67,
2012-08-21,2012,8,21,100,2.12,
2012-08-21,2012,8,21,120,0.43,
2012-08-21,2012,8,21,140,0.1,
2012-09-13,2012,9,13,1,4.17,
2012-09-13,2012,9,13,20,3.33,
2012-09-13,2012,9,13,40,2.08,
2012-09-13,2012,9,13,60,1.55,
2012-09-13,2012,9,13,80,1.01,
2012-09-13,2012,9,13,100,0.68,
2012-09-13,2012,9,13,120,0.29,
2012-09-13,2012,9,13,140,0.43,
2012-10-20,2012,10,20,1,3.52,
2012-10-20,2012,10,20,20,2.66,
2012-10-20,2012,10,20,40,3.2,
2012-10-20,2012,10,20,60,3.24,
2012-10-20,2012,10,20,80,1.75,
2012-10-20,2012,10,20,100,0.6,
2012-10-20,2012,10,20,120,0.23,
2012-10-20,2012,10,20,140,0.18,
2012-11-15,2012,11,15,1,6.33,
2012-11-15,2012,11,15,20,7.7,
2012-11-15,2012,11,15,40,5.58,
2012-11-15,2012,11,15,60,1.59,
2012-11-15,2012,11,15,80,0.47,
2012-11-15,2012,11,15,100,0.18,
2012-11-15,2012,11,15,120,0.0,
2012-11-15,2012,11,15,140,0.0,
2012-12-12,2012,12,12,1,3.5,
2012-12-12,2012,12,12,20,4.38,
2012-12-12,2012,12,12,40,3.69,
2012-12-12,2012,12,12,60,3.12,
2012-12-12,2012,12,12,80,1.24,
2012-12-12,2012,12,12,100,0.0,
2012-12-12,2012,12,12,120,0.0,
2012-12-12,2012,12,12,140,0.17,
2013-01-23,2013,1,23,1,10.34,
2013-01-23,2013,1,23,20,9.24,
2013-01-23,2013,1,23,40,5.5,
2013-01-23,2013,1,23,60,2.26,
2013-01-23,2013,1,23,80,0.83,
2013-01-23,2013,1,23,100,0.17,
2013-01-23,2013,1,23,120,0.11,
2013-01-23,2013,1,23,140,0.01,
2013-02-13,2013,2,13,1,15.11,
2013-02-13,2013,2,13,20,14.9,
2013-02-13,2013,2,13,40,10.05,
2013-02-13,2013,2,13,60,4.13,
2013-02-13,2013,2,13,80,1.48,
2013-02-13,2013,2,13,100,0.32,
2013-02-13,2013,2,13,120,0.1,
2013-02-13,2013,2,13,140,0.39,
2013-04-07,2013,4,7,1,9.74,
2013-04-07,2013,4,7,20,9.95,
2013-04-07,2013,4,7,40,7.8,
2013-04-07,2013,4,7,60,4.5,
2013-04-07,2013,4,7,80,1.22,
2013-04-07,2013,4,7,100,0.24,
2013-04-07,2013,4,7,120,0.15,
2013-04-07,2013,4,7,140,0.03,
2013-04-24,2013,4,24,1,2.74,
2013-04-24,2013,4,24,20,2.6,
2013-04-24,2013,4,24,40,1.92,
2013-04-24,2013,4,24,60,1.62,
2013-04-24,2013,4,24,80,1.53,
2013-04-24,2013,4,24,100,1.22,
2013-04-24,2013,4,24,120,0.25,
2013-06-16,2013,6,16,1,4.47,
2013-06-16,2013,6,16,20,4.55,
2013-06-16,2013,6,16,40,5.88,
2013-06-16,2013,6,16,60,2.54,
2013-06-16,2013,6,16,80,4.23,
2013-06-16,2013,6,16,100,2.72,
2013-06-16,2013,6,16,120,0.52,
2013-06-16,2013,6,16,140,0.11,
2013-07-06,2013,7,6,1,2.2,
2013-07-06,2013,7,6,20,2.26,
2013-07-06,2013,7,6,40,2.15,
2013-07-06,2013,7,6,60,2.03,
2013-07-06,2013,7,6,80,1.66,
2013-07-06,2013,7,6,100,0.84,
2013-07-06,2013,7,6,120,0.33,
2013-07-06,2013,7,6,140,0.08,
2013-08-03,2013,8,3,1,5.15,
2013-08-03,2013,8,3,20,4.18,
2013-08-03,2013,8,3,40,3.33,
2013-08-03,2013,8,3,60,3.56,
2013-08-03,2013,8,3,80,3.07,
2013-08-03,2013,8,3,100,1.62,
2013-08-03,2013,8,3,120,1.1,
2013-08-03,2013,8,3,140,0.14,
2013-09-18,2013,9,18,1,1.35,
2013-09-18,2013,9,18,20,1.83,
2013-09-18,2013,9,18,40,2.05,
2013-09-18,2013,9,18,60,3.16,
2013-09-18,2013,9,18,80,1.99,
2013-09-18,2013,9,18,100,0.76,
2013-09-18,2013,9,18,120,0.29,
2013-09-18,2013,9,18,140,0.12,
2013-10-20,2013,10,20,1,1.71,
2013-10-20,2013,10,20,20,2.1,
2013-10-20,2013,10,20,40,1.73,
2013-10-20,2013,10,20,60,3.16,
2013-10-20,2013,10,20,80,2.27,
2013-10-20,2013,10,20,100,1.02,
2013-10-20,2013,10,20,120,0.23,
2013-10-20,2013,10,20,140,0.0,
2013-11-15,2013,11,15,1,3.84,
2013-11-15,2013,11,15,20,4.77,
2013-11-15,2013,11,15,40,2.32,
2013-11-15,2013,11,15,60,4.25,
2013-11-15,2013,11,15,80,1.02,
2013-11-15,2013,11,15,100,2.72,
2013-11-15,2013,11,15,120,0.19,
2013-12-10,2013,12,10,1,4.16,
2013-12-10,2013,12,10,20,8.31,
2013-12-10,2013,12,10,40,2.23,
2013-12-10,2013,12,10,60,2.47,
2013-12-10,2013,12,10,80,5.26,
2013-12-10,2013,12,10,100,2.71,
2013-12-10,2013,12,10,120,1.04,
2014-03-06,2014,3,6,20,7.14,
2014-03-06,2014,3,6,40,5.01,
2014-03-06,2014,3,6,60,4.92,
2014-03-06,2014,3,6,80,3.58,
2014-03-06,2014,3,6,100,5.07,
2014-03-06,2014,3,6,120,0.0,
2014-04-12,2014,4,12,1,5.11,
2014-04-12,2014,4,12,20,6.17,
2014-04-12,2014,4,12,40,4.07,
2014-04-12,2014,4,12,60,7.33,
2014-04-12,2014,4,12,80,2.52,
2014-04-12,2014,4,12,100,0.83,
2014-04-12,2014,4,12,120,1.53,
2014-04-12,2014,4,12,140,0.54,
2014-04-30,2014,4,30,1,7.18,
2014-04-30,2014,4,30,20,14.09,
2014-04-30,2014,4,30,40,8.34,
2014-04-30,2014,4,30,60,12.82,
2014-04-30,2014,4,30,80,7.42,
2014-04-30,2014,4,30,100,4.02,
2014-04-30,2014,4,30,120,0.76,
2014-04-30,2014,4,30,140,0.0,
2014-06-13,2014,6,13,1,7.5,
2014-06-13,2014,6,13,20,4.83,
2014-06-13,2014,6,13,40,3.55,
2014-06-13,2014,6,13,60,3.47,
2014-06-13,2014,6,13,80,4.73,
2014-06-13,2014,6,13,100,1.65,
2014-06-13,2014,6,13,120,0.38,
2014-06-13,2014,6,13,140,0.07,
2014-07-11,2014,7,11,1,6.89,
2014-07-11,2014,7,11,20,6.28,
2014-07-11,2014,7,11,40,4.5,
2014-07-11,2014,7,11,60,4.43,
2014-07-11,2014,7,11,80,6.37,
2014-07-11,2014,7,11,100,2.11,
2014-07-11,2014,7,11,120,0.5,
2014-07-11,2014,7,11,140,0.0,
2014-08-22,2014,8,22,1,4.18,
2014-08-22,2014,8,22,20,2.73,
2014-08-22,2014,8,22,40,3.93,
2014-08-22,2014,8,22,60,2.9,
2014-08-22,2014,8,22,80,2.39,
2014-08-22,2014,8,22,100,1.25,
2014-08-22,2014,8,22,120,0.71,
2014-08-22,2014,8,22,140,0.21,
2014-09-14,2014,9,14,1,3.45,
2014-09-14,2014,9,14,20,1.7,
2014-09-14,2014,9,14,40,5.27,
2014-09-14,2014,9,14,60,3.16,
2014-09-14,2014,9,14,80,2.46,
2014-09-14,2014,9,14,100,1.77,
2014-09-14,2014,9,14,120,0.91,
2014-09-14,2014,9,14,140,0.05,
2014-10-29,2014,10,29,1,2.69,
2014-10-29,2014,10,29,20,4.05,
2014-10-29,2014,10,29,40,2.36,
2014-10-29,2014,10,29,60,2.51,
2014-10-29,2014,10,29,80,1.74,
2014-10-29,2014,10,29,100,0.78,
2014-10-29,2014,10,29,120,0.0,
2014-10-29,2014,10,29,140,0.03,
2014-11-21,2014,11,21,1,4.55,
2014-11-21,2014,11,21,20,3.49,
2014-11-21,2014,11,21,40,2.82,
2014-11-21,2014,11,21,60,1.06,
2014-11-21,2014,11,21,80,0.39,
2014-11-21,2014,11,21,100,0.2,
2014-11-21,2014,11,21,120,0.21,
2014-11-21,2014,11,21,140,0.14,
2014-12-11,2014,12,11,1,3.57,
2014-12-11,2014,12,11,20,3.97,
2014-12-11,2014,12,11,40,3.0,
2014-12-11,2014,12,11,60,2.21,
2014-12-11,2014,12,11,80,0.86,
2014-12-11,2014,12,11,100,1.04,
2014-12-11,2014,12,11,120,0.25,
2014-12-11,2014,12,11,140,0.08,
2015-02-04,2015,2,4,1,7.76,
2015-02-04,2015,2,4,20,9.19,
2015-02-04,2015,2,4,40,5.34,
2015-02-04,2015,2,4,60,2.44,
2015-02-04,2015,2,4,80,1.15,
2015-02-04,2015,2,4,100,0.16,
2015-02-04,2015,2,4,120,0.11,
2015-02-04,2015,2,4,140,0.02,
2015-03-13,2015,3,13,1,8.25,
2015-03-13,2015,3,13,20,9.51,
2015-03-13,2015,3,13,40,14.59,
2015-03-13,2015,3,13,60,5.24,
2015-03-13,2015,3,13,80,1.42,
2015-03-13,2015,3,13,100,1.19,
2015-03-13,2015,3,13,120,0.27,
2015-03-13,2015,3,13,140,0.0,
2015-04-09,2015,4,9,1,6.44,
2015-04-09,2015,4,9,20,4.81,
2015-04-09,2015,4,9,40,4.33,
2015-04-09,2015,4,9,60,5.39,
2015-04-09,2015,4,9,80,7.26,
2015-04-09,2015,4,9,100,2.51,
2015-04-09,2015,4,9,120,0.36,
2015-04-09,2015,4,9,140,0.0,
2015-04-24,2015,4,24,1,0.56,
2015-04-24,2015,4,24,20,2.87,
2015-04-24,2015,4,24,40,2.23,
2015-04-24,2015,4,24,60,3.78,
2015-04-24,2015,4,24,80,1.48,
2015-04-24,2015,4,24,100,1.3,
2015-04-24,2015,4,24,120,0.74,
2015-04-24,2015,4,24,140,0.05,
2015-05-13,2015,5,13,1,9.74,
2015-05-13,2015,5,13,20,7.4,
2015-05-13,2015,5,13,40,6.9,
2015-05-13,2015,5,13,60,6.76,
2015-05-13,2015,5,13,80,10.03,
2015-05-13,2015,5,13,100,0.0,
2015-06-24,2015,6,24,1,0.94,
2015-06-24,2015,6,24,20,3.81,
2015-06-24,2015,6,24,40,4.09,
2015-06-24,2015,6,24,60,2.71,
2015-06-24,2015,6,24,80,1.74,
2015-06-24,2015,6,24,100,2.68,
2015-06-24,2015,6,24,120,0.61,
2015-06-24,2015,6,24,140,0.0,
2015-07-17,2015,7,17,1,3.98,
2015-07-17,2015,7,17,20,3.21,
2015-07-17,2015,7,17,40,2.94,
2015-07-17,2015,7,17,60,2.86,
2015-07-17,2015,7,17,80,2.0,
2015-07-17,2015,7,17,100,0.0,
2015-08-20,2015,8,20,1,8.06,
2015-08-20,2015,8,20,20,3.57,
2015-08-20,2015,8,20,40,8.02,
2015-08-20,2015,8,20,60,5.5,
2015-08-20,2015,8,20,80,5.45,
2015-08-20,2015,8,20,100,1.44,
2015-08-20,2015,8,20,120,0.25,
2015-08-20,2015,8,20,140,0.25,
2015-09-13,2015,9,13,1,2.34,
2015-09-13,2015,9,13,20,2.2,
2015-09-13,2015,9,13,40,3.31,
2015-09-13,2015,9,13,60,3.21,
2015-09-13,2015,9,13,80,2.89,
2015-09-13,2015,9,13,100,1.79,
2015-09-13,2015,9,13,120,0.62,
2015-09-13,2015,9,13,140,0.21,
2015-11-29,2015,11,29,1,1.35,
2015-11-29,2015,11,29,20,1.22,
2015-11-29,2015,11,29,40,0.85,
2015-11-29,2015,11,29,60,1.15,
2015-11-29,2015,11,29,80,0.82,
2015-11-29,2015,11,29,100,0.19,
2015-11-29,2015,11,29,140,0.0,
2015-12-13,2015,12,13,1,3.03,
2015-12-13,2015,12,13,20,3.89,
2015-12-13,2015,12,13,40,2.38,
2015-12-13,2015,12,13,60,1.85,
2015-12-13,2015,12,13,80,1.13,
2015-12-13,2015,12,13,100,0.86,
2015-12-13,2015,12,13,120,0.31,
2015-12-13,2015,12,13,140,0.02,
2016-03-09,2016,3,9,1,2.91,
2016-03-09,2016,3,9,20,2.45,
2016-03-09,2016,3,9,40,1.9,
2016-03-09,2016,3,9,60,2.75,
2016-03-09,2016,3,9,80,0.91,
2016-03-09,2016,3,9,100,0.87,
2016-03-09,2016,3,9,120,0.08,
2016-03-09,2016,3,9,140,0.0,
2016-03-24,2016,3,24,1,3.22,
2016-03-24,2016,3,24,20,2.32,
2016-03-24,2016,3,24,40,3.01,
2016-03-24,2016,3,24,60,2.52,
2016-03-24,2016,3,24,80,3.19,
2016-03-24,2016,3,24,100,1.72,
2016-03-24,2016,3,24,120,0.1,
2016-03-24,2016,3,24,140,0.43,
2016-04-16,2016,4,16,1,2.87,
2016-04-16,2016,4,16,20,1.72,
2016-04-16,2016,4,16,40,2.38,
2016-04-16,2016,4,16,60,2.11,
2016-04-16,2016,4,16,80,1.67,
2016-04-16,2016,4,16,100,1.39,
2016-04-16,2016,4,16,120,1.02,
2016-04-16,2016,4,16,140,0.51,
2016-05-05,2016,5,5,1,4.08,
2016-05-05,2016,5,5,20,3.03,
2016-05-05,2016,5,5,40,2.5,
2016-05-05,2016,5,5,60,3.23,
2016-05-05,2016,5,5,80,2.05,
2016-05-05,2016,5,5,140,0.13,
2016-06-15,2016,6,15,1,4.75,
2016-06-15,2016,6,15,20,2.56,
2016-06-15,2016,6,15,40,2.23,
2016-06-15,2016,6,15,60,1.43,
2016-06-15,2016,6,15,80,2.97,
2016-06-15,2016,6,15,100,2.2,
2016-06-15,2016,6,15,120,1.57,
2016-06-15,2016,6,15,140,0.92,
2016-07-23,2016,7,23,1,5.91,
2016-07-23,2016,7,23,20,3.47,
2016-07-23,2016,7,23,60,3.85,
2016-07-23,2016,7,23,80,2.63,
2016-07-23,2016,7,23,100,1.5,
2016-07-23,2016,7,23,120,1.18,
2016-07-23,2016,7,23,140,0.4,
2016-08-19,2016,8,19,1,3.6,
2016-08-19,2016,8,19,20,2.45,
2016-08-19,2016,8,19,40,2.66,
2016-08-19,2016,8,19,60,3.39,
2016-08-19,2016,8,19,80,2.89,
2016-08-19,2016,8,19,100,1.83,
2016-08-19,2016,8,19,120,1.15,
2016-08-19,2016,8,19,140,0.42,
2016-09-21,2016,9,21,1,3.02,
2016-09-21,2016,9,21,20,3.3,
2016-09-21,2016,9,21,40,2.32,
2016-09-21,2016,9,21,60,2.18,
2016-09-21,2016,9,21,80,1.74,
2016-09-21,2016,9,21,100,1.94,
2016-09-21,2016,9,21,120,0.9,
2016-09-21,2016,9,21,140,0.42,
2016-10-19,2016,10,19,1,4.44,
2016-10-19,2016,10,19,20,3.98,
2016-10-19,2016,10,19,40,2.48,
2016-10-19,2016,10,19,60,1.97,
2016-10-19,2016,10,19,80,3.02,
2016-10-19,2016,10,19,100,2.37,
2016-10-19,2016,10,19,120,1.35,
2016-10-19,2016,10,19,140,0.63,
2016-11-20,2016,11,20,1,4.7,
2016-11-20,2016,11,20,20,5.28,
2016-11-20,2016,11,20,40,4.84,
2016-11-20,2016,11,20,60,3.02,
2016-11-20,2016,11,20,80,1.52,
2016-11-20,2016,11,20,100,1.48,
2016-11-20,2016,11,20,120,0.34,
2016-11-20,2016,11,20,140,1.0,
2016-12-14,2016,12,14,1,1.7,
2016-12-14,2016,12,14,20,1.42,
2016-12-14,2016,12,14,40,0.94,
2016-12-14,2016,12,14,60,0.6,
2016-12-14,2016,12,14,80,0.65,
2016-12-14,2016,12,14,100,0.51,
2016-12-14,2016,12,14,120,0.08,
2016-12-14,2016,12,14,140,0.0,
2017-01-07,2017,1,7,1,4.5,
2017-01-07,2017,1,7,20,3.78,
2017-01-07,2017,1,7,40,3.75,
2017-01-07,2017,1,7,60,2.55,
2017-01-07,2017,1,7,80,1.05,
2017-01-07,2017,1,7,100,0.73,
2017-01-07,2017,1,7,120,0.03,
2017-01-07,2017,1,7,140,0.25,
2017-02-19,2017,2,19,1,5.02,
2017-02-19,2017,2,19,20,6.57,
2017-02-19,2017,2,19,40,5.42,
2017-02-19,2017,2,19,60,3.66,
2017-02-19,2017,2,19,80,1.91,
2017-02-19,2017,2,19,100,0.65,
2017-02-19,2017,2,19,120,0.12,
2017-02-19,2017,2,19,140,0.12,
2017-04-10,2017,4,10,1,10.73,
2017-04-10,2017,4,10,20,8.9,
2017-04-10,2017,4,10,40,5.86,
2017-04-10,2017,4,10,60,5.09,
2017-04-10,2017,4,10,80,1.02,
2017-04-10,2017,4,10,100,1.09,
2017-04-10,2017,4,10,120,0.3,
2017-04-10,2017,4,10,140,0.63,
2017-05-10,2017,5,10,1,2.07,
2017-05-10,2017,5,10,20,2.76,
2017-05-10,2017,5,10,40,2.36,
2017-05-10,2017,5,10,60,3.01,
2017-05-10,2017,5,10,80,2.59,
2017-05-10,2017,5,10,100,3.65,
2017-05-10,2017,5,10,120,0.95,
2017-05-10,2017,5,10,140,1.13,
2017-05-30,2017,5,30,1,6.35,
2017-05-30,2017,5,30,20,6.75,
2017-05-30,2017,5,30,40,5.34,
2017-05-30,2017,5,30,60,5.26,
2017-05-30,2017,5,30,80,3.53,
2017-05-30,2017,5,30,100,2.25,
2017-05-30,2017,5,30,120,0.34,
2017-05-30,2017,5,30,140,0.03,
2017-06-14,2017,6,14,1,7.86,
2017-06-14,2017,6,14,20,7.54,
2017-06-14,2017,6,14,40,7.55,
2017-06-14,2017,6,14,60,8.81,
2017-06-14,2017,6,14,80,8.8,
2017-06-14,2017,6,14,100,1.58,
2017-06-14,2017,6,14,120,0.54,
2017-06-14,2017,6,14,140,0.18,
2017-07-19,2017,7,19,1,5.4,
2017-07-19,2017,7,19,20,6.2,
2017-07-19,2017,7,19,40,3.89,
2017-07-19,2017,7,19,60,2.83,
2017-07-19,2017,7,19,80,2.65,
2017-07-19,2017,7,19,100,0.91,
2017-07-19,2017,7,19,120,1.37,
2017-07-19,2017,7,19,140,0.64,
2017-08-16,2017,8,16,1,2.35,
2017-08-16,2017,8,16,20,4.19,
2017-08-16,2017,8,16,40,5.18,
2017-08-16,2017,8,16,60,3.75,
2017-08-16,2017,8,16,80,4.07,
2017-08-16,2017,8,16,100,2.47,
2017-08-16,2017,8,16,120,1.1,
2017-08-16,2017,8,16,140,1.14,
2017-09-13,2017,9,13,1,5.3,
2017-09-13,2017,9,13,20,4.75,
2017-09-13,2017,9,13,40,2.83,
2017-09-13,2017,9,13,60,4.02,
2017-09-13,2017,9,13,80,1.92,
2017-09-13,2017,9,13,100,0.45,
2017-09-13,2017,9,13,120,1.03,
2017-09-13,2017,9,13,140,2.5,
2017-10-18,2017,10,18,1,6.03,
2017-10-18,2017,10,18,20,5.92,
2017-10-18,2017,10,18,40,4.92,
2017-10-18,2017,10,18,60,2.78,
2017-10-18,2017,10,18,80,2.95,
2017-10-18,2017,10,18,100,3.02,
2017-10-18,2017,10,18,120,0.22,
2017-10-18,2017,10,18,140,0.51,
2017-11-18,2017,11,18,1,6.97,
2017-11-18,2017,11,18,20,6.81,
2017-11-18,2017,11,18,40,4.58,
2017-11-18,2017,11,18,60,1.31,
2017-11-18,2017,11,18,80,0.32,
2017-11-18,2017,11,18,100,0.49,
2017-11-18,2017,11,18,120,0.0,
2017-11-18,2017,11,18,140,0.0,
2017-12-13,2017,12,13,1,2.68,
2017-12-13,2017,12,13,20,0.36,
2017-12-13,2017,12,13,40,2.16,
2017-12-13,2017,12,13,60,0.97,
2017-12-13,2017,12,13,80,0.63,
2017-12-13,2017,12,13,100,0.0,
2017-12-13,2017,12,13,120,0.0,
2017-12-13,2017,12,13,140,0.0,
2018-01-16,2018,1,16,1,6.44,
2018-01-16,2018,1,16,20,6.37,
2018-01-16,2018,1,16,40,6.45,
2018-01-16,2018,1,16,60,1.62,
2018-01-16,2018,1,16,80,0.24,
2018-01-16,2018,1,16,100,0.65,
2018-01-16,2018,1,16,120,0.13,
2018-01-16,2018,1,16,140,0.45,
2018-02-11,2018,2,11,1,8.13,
2018-02-11,2018,2,11,20,9.22,
2018-02-11,2018,2,11,40,4.06,
2018-02-11,2018,2,11,60,2.43,
2018-02-11,2018,2,11,80,1.61,
2018-02-11,2018,2,11,100,0.3,
2018-02-11,2018,2,11,120,0.7,
2018-02-11,2018,2,11,140,0.0,
2018-02-27,2018,2,27,1,1.57,
2018-02-27,2018,2,27,20,0.48,
2018-02-27,2018,2,27,40,0.5,
2018-02-27,2018,2,27,60,2.1,
2018-02-27,2018,2,27,80,0.62,
2018-02-27,2018,2,27,100,2.48,
2018-02-27,2018,2,27,120,1.23,
2018-02-27,2018,2,27,140,0.0,
2018-03-15,2018,3,15,1,3.81,
2018-03-15,2018,3,15,20,5.44,
2018-03-15,2018,3,15,40,4.57,
2018-03-15,2018,3,15,60,2.47,
2018-03-15,2018,3,15,80,0.0,
2018-03-15,2018,3,15,100,0.0,
2018-03-15,2018,3,15,120,2.31,
2018-03-15,2018,3,15,140,0.35,
2018-03-24,2018,3,24,1,5.49,
2018-03-24,2018,3,24,20,11.69,
2018-03-24,2018,3,24,40,6.98,
2018-03-24,2018,3,24,60,6.79,
2018-03-24,2018,3,24,80,5.05,
2018-03-24,2018,3,24,100,3.95,
2018-03-24,2018,3,24,120,3.18,
2018-03-24,2018,3,24,140,0.0,
2018-04-14,2018,4,14,1,6.5,
2018-04-14,2018,4,14,20,5.76,
2018-04-14,2018,4,14,40,5.36,
2018-04-14,2018,4,14,60,5.02,
2018-04-14,2018,4,14,80,2.72,
2018-04-14,2018,4,14,100,0.34,
2018-04-14,2018,4,14,120,0.0,
2018-04-14,2018,4,14,140,0.15,
2018-04-26,2018,4,26,1,4.76,
2018-04-26,2018,4,26,20,7.32,
2018-04-26,2018,4,26,40,3.59,
2018-04-26,2018,4,26,60,4.53,
2018-04-26,2018,4,26,80,3.87,
2018-04-26,2018,4,26,100,0.0,
2018-04-26,2018,4,26,120,0.36,0.30244483049884074
2018-04-26,2018,4,26,140,0.0,-1.2361956390125268
2018-05-24,2018,5,24,1,3.73,5.370167857264391
2018-05-24,2018,5,24,20,3.9,5.374772664993699
2018-05-24,2018,5,24,40,0.0,3.9378424024506202
2018-05-24,2018,5,24,60,0.0,3.9227210698610486
2018-05-24,2018,5,24,80,2.27,2.9173089108901813
2018-05-24,2018,5,24,100,1.49,3.1311156420551227
2018-05-24,2018,5,24,120,0.31,1.3929891979536428
2018-05-24,2018,5,24,140,0.36,-0.6260714516756725
2018-06-15,2018,6,15,1,4.61,5.235250843099792
2018-06-15,2018,6,15,20,5.38,4.292784269416248
2018-06-15,2018,6,15,40,4.43,4.240391228755889
2018-06-15,2018,6,15,60,3.53,3.816822436273765
2018-06-15,2018,6,15,80,5.27,3.959172895669476
2018-06-15,2018,6,15,100,1.56,2.436047026536155
2018-06-15,2018,6,15,120,0.28,0.6006630256662682
2018-06-15,2018,6,15,140,0.96,-0.6450248858214156
2018-07-21,2018,7,21,1,3.02,4.595459365040276
2018-07-21,2018,7,21,20,2.61,3.6443895823936687
2018-07-21,2018,7,21,40,0.91,4.10654785836516
2018-07-21,2018,7,21,60,2.58,3.6540861953926225
2018-07-21,2018,7,21,80,1.76,2.8702472412842623
2018-07-21,2018,7,21,100,1.44,3.1950894488154815
2018-07-21,2018,7,21,120,0.0,1.611199335319938
2018-07-21,2018,7,21,140,0.09,-0.2037077737429538
2018-08-14,2018,8,14,1,4.59,4.03042367757489
2018-08-14,2018,8,14,20,4.4,3.0735521267133237
2018-08-14,2018,8,14,40,4.3,2.166748151339867
2018-08-14,2018,8,14,60,3.94,2.302588626893378
2018-08-14,2018,8,14,80,2.29,2.0554033048645324
2018-08-14,2018,8,14,100,1.78,1.3661971060220512
2018-08-14,2018,8,14,120,0.81,0.975089278709655
2018-08-14,2018,8,14,140,1.07,-0.023221488772151133
2018-09-12,2018,9,12,1,6.0,3.8353067057837196
2018-09-12,2018,9,12,20,4.27,2.942072156245885
2018-09-12,2018,9,12,40,4.72,3.3255259063928406
2018-09-12,2018,9,12,60,5.68,3.023313029400814
2018-09-12,2018,9,12,80,2.83,2.3987569919827507
2018-09-12,2018,9,12,100,3.57,2.8708046460150656
2018-09-12,2018,9,12,120,0.39,0.9937218928343992
2018-09-12,2018,9,12,140,0.51,0.05184139470425109
2018-10-21,2018,10,21,1,0.83,5.050376174101494
2018-10-21,2018,10,21,20,4.55,4.043827447639423
2018-10-21,2018,10,21,40,2.93,2.8348762540550667
2018-10-21,2018,10,21,60,1.42,1.5853105294724976
2018-10-21,2018,10,21,80,0.08,1.8273935159348724
2018-10-21,2018,10,21,100,6.47,1.1509739030628072
2018-10-21,2018,10,21,120,2.23,0.3948733491059926
2018-10-21,2018,10,21,140,2.5,-0.7887510738950372
2018-11-07,2018,11,7,1,2.56,5.849995415609733
2018-11-07,2018,11,7,20,2.74,5.012394483037228
2018-11-07,2018,11,7,40,2.98,3.598097751924743
2018-11-07,2018,11,7,60,7.72,3.7415892356335547
2018-11-07,2018,11,7,80,1.2,2.941418631326455
2018-11-07,2018,11,7,100,3.36,1.5472972067884587
2018-11-07,2018,11,7,120,1.04,0.6255850416876463
2018-11-07,2018,11,7,140,0.0,-0.5670005343574651
2018-12-15,2018,12,15,1,4.68,6.466867882025197
2018-12-15,2018,12,15,20,1.97,5.297443360069493
2018-12-15,2018,12,15,40,1.35,4.284807771574083
2018-12-15,2018,12,15,60,0.0,3.174704278997075
2018-12-15,2018,12,15,80,1.01,1.8609964319815249
2018-12-15,2018,12,15,100,0.36,0.7175174738082113
2018-12-15,2018,12,15,120,0.77,0.15526139204109057
2018-12-15,2018,12,15,140,0.0,-0.9108640737628537
2019-01-12,2019,1,12,1,8.77,7.549334161718525
2019-01-12,2019,1,12,20,5.94,6.348189832581512
2019-01-12,2019,1,12,40,4.65,5.153683297563468
2019-01-12,2019,1,12,60,0.34,4.18733066320783
2019-01-12,2019,1,12,80,7.7,2.6870376648319465
2019-01-12,2019,1,12,100,5.24,1.1611788975814186
2019-01-12,2019,1,12,120,0.7,-0.510309188653741
2019-01-12,2019,1,12,140,0.14,-1.364735394482608
2019-02-18,2019,2,18,20,10.79,6.820840540709556
2019-02-18,2019,2,18,40,10.43,5.779642392866818
2019-02-18,2019,2,18,60,7.83,4.277208452085094
2019-02-18,2019,2,18,80,1.02,3.3466126970854084
2019-02-18,2019,2,18,100,0.0,1.3321850047031933
2019-02-18,2019,2,18,120,0.0,-0.0034376408146279402
2019-02-18,2019,2,18,140,0.93,-1.412214725458309
2019-04-11,2019,4,11,1,1.92,6.345328362326632
2019-04-11,2019,4,11,20,2.27,5.296982150695142
2019-04-11,2019,4,11,40,1.44,4.057801884772959
2019-04-11,2019,4,11,60,0.86,3.4871139608101487
2019-04-11,2019,4,11,80,1.71,3.2204244425431634
2019-04-11,2019,4,11,100,1.0,1.69660743440898
2019-04-11,2019,4,11,120,0.3,0.23284533262814477
2019-04-11,2019,4,11,140,0.0,-1.3202704569079877
2019-04-22,2019,4,22,1,3.24,6.751095660418292
2019-04-22,2019,4,22,20,3.74,5.68159001386
2019-04-22,2019,4,22,40,3.63,4.720892269630355
2019-04-22,2019,4,22,60,3.75,3.7022164222488883
2019-04-22,2019,4,22,80,3.36,2.6982959883973585
2019-04-22,2019,4,22,100,2.37,2.416977445816444
2019-04-22,2019,4,22,120,0.72,0.9579352378760824
2019-04-22,2019,4,22,140,0.62,-0.9434236670161784
2019-06-08,2019,6,8,1,2.9,5.988268026088948
2019-06-08,2019,6,8,20,3.02,4.926892906876131
2019-06-08,2019,6,8,40,2.95,4.229774175540004
2019-06-08,2019,6,8,60,3.66,3.386269443960515
2019-06-08,2019,6,8,80,2.77,2.262575897672793
2019-06-08,2019,6,8,100,3.48,1.636214670225515
2019-06-08,2019,6,8,120,0.79,0.9814736036481886
2019-06-08,2019,6,8,140,0.31,-0.8355033492169959
2019-07-17,2019,7,17,1,2.99,4.3592692025567885
2019-07-17,2019,7,17,20,4.84,4.249212427746471
2019-07-17,2019,7,17,40,4.29,4.602942450445041
2019-07-17,2019,7,17,60,4.33,4.012317511983589
2019-07-17,2019,7,17,80,2.8,3.221747312751419
2019-07-17,2019,7,17,100,2.75,2.7332945555632158
2019-07-17,2019,7,17,120,0.4,1.7386224918681847
2019-07-17,2019,7,17,140,0.0,0.23061193085704623
2019-09-10,2019,9,10,1,3.08,3.9416914833968733
2019-09-10,2019,9,10,20,3.11,2.866833364454198
2019-09-10,2019,9,10,40,3.87,2.690079066376222
2019-09-10,2019,9,10,60,3.21,2.6823968749509035
2019-09-10,2019,9,10,80,2.91,2.4622416856903264
2019-09-10,2019,9,10,100,2.2,2.1498907112808503
2019-09-10,2019,9,10,120,0.52,1.0207059352763395
2019-09-10,2019,9,10,140,0.09,-0.3909366080965455
2019-10-23,2019,10,23,1,1.37,5.017787183970197
2019-10-23,2019,10,23,20,2.46,3.935385144396972
2019-10-23,2019,10,23,40,2.77,2.7532535113334746
2019-10-23,2019,10,23,60,3.62,2.36902614264705
2019-10-23,2019,10,23,80,2.26,1.8665339118834425
2019-10-23,2019,10,23,100,1.1,1.378889127064955
2019-10-23,2019,10,23,120,0.43,0.5119958709281818
2019-10-23,2019,10,23,140,0.08,-0.5801585520326427
2019-11-19,2019,11,19,1,3.83,5.755843213999662
2019-11-19,2019,11,19,20,4.2,4.96225440665327
2019-11-19,2019,11,19,40,2.89,3.8355523815860524
2019-11-19,2019,11,19,60,1.76,2.6509187549132207
2019-11-19,2019,11,19,80,2.32,2.781276311274303
2019-11-19,2019,11,19,100,0.27,1.3747130132875718
2019-11-19,2019,11,19,120,0.07,0.2595096601369491
2019-11-19,2019,11,19,140,0.0,-0.8775552377138691
2019-12-12,2019,12,12,1,4.78,6.064470173015246
2019-12-12,2019,12,12,20,4.54,5.097022961278888
2019-12-12,2019,12,12,40,3.3,3.874782838556187
2019-12-12,2019,12,12,60,1.69,2.794447684348672
2019-12-12,2019,12,12,80,1.29,1.495597967898803
2019-12-12,2019,12,12,100,0.58,0.608740448649133
2019-12-12,2019,12,12,120,0.39,-0.031222127330014615
2019-12-12,2019,12,12,140,0.0,-1.014535540902548
2020-01-26,2020,1,26,1,5.86,6.91022750023933
2020-01-26,2020,1,26,20,6.26,5.852179870730673
2020-01-26,2020,1,26,40,6.22,4.7252738816117725
2020-01-26,2020,1,26,60,3.52,3.583242368828155
2020-01-26,2020,1,26,80,1.88,2.552941629068492
2020-01-26,2020,1,26,100,0.53,1.0590191293740077
2020-01-26,2020,1,26,120,0.29,0.03367714221169571
2020-01-26,2020,1,26,140,0.0,-1.2431178755335957
2020-02-28,2020,2,28,60,16.73,3.984781026898374
2020-02-28,2020,2,28,80,7.57,2.726139147202248
2020-02-28,2020,2,28,100,2.47,1.6725487367949192
2020-02-28,2020,2,28,120,0.0,0.22225221516337967
2020-02-28,2020,2,28,140,0.0,-1.272349913441344
2020-07-09,2020,7,9,1,4.38,4.672730884434003
2020-07-09,2020,7,9,20,3.67,4.00535837275784
2020-07-09,2020,7,9,40,2.37,3.5153512499792177
2020-07-09,2020,7,9,60,1.53,2.822616216646138
2020-07-09,2020,7,9,80,2.59,2.0119127430566395
2020-07-09,2020,7,9,100,1.54,1.0920649796990176
2020-07-09,2020,7,9,120,1.18,0.15703579025190706
2020-07-09,2020,7,9,140,0.72,-0.6660143617451837
2020-07-30,2020,7,30,1,5.26,3.7972367945724343
2020-07-30,2020,7,30,20,4.06,3.7523045205044383
2020-07-30,2020,7,30,40,3.43,3.764138387307164
2020-07-30,2020,7,30,60,4.39,3.350071993164142
2020-07-30,2020,7,30,80,3.58,2.7806440080274655
2020-07-30,2020,7,30,100,5.34,2.7349976774481597
2020-07-30,2020,7,30,120,0.51,0.7678316708831154
2020-07-30,2020,7,30,140,0.0,-0.5887442832014518
2020-08-18,2020,8,18,1,8.89,3.6717951676733156
2020-08-18,2020,8,18,20,5.67,2.965894113926062
2020-08-18,2020,8,18,40,6.27,2.6122166166094503
2020-08-18,2020,8,18,60,4.96,2.4387605782877713
2020-08-18,2020,8,18,80,4.12,2.0767659546863335
2020-08-18,2020,8,18,100,2.46,1.5709018105606507
2020-08-18,2020,8,18,120,1.48,0.6281054749294839
2020-08-18,2020,8,18,140,0.27,-0.6504119970328244
2020-09-24,2020,9,24,1,7.98,5.075618497492563
2020-09-24,2020,9,24,20,8.24,4.12507623741823
2020-09-24,2020,9,24,40,6.85,2.7287535802677887
2020-09-24,2020,9,24,60,9.6,3.060295179887934
2020-09-24,2020,9,24,80,7.7,2.946477996001235
2020-09-24,2020,9,24,100,4.1,1.9779239904327368
2020-09-24,2020,9,24,120,1.93,0.8502295159995441
2020-09-24,2020,9,24,140,0.36,-0.37602201738062035
2020-10-26,2020,10,26,1,3.26,5.259626205202635
2020-10-26,2020,10,26,20,3.27,4.368350121068661
2020-10-26,2020,10,26,40,1.4,2.986362335696336
2020-10-26,2020,10,26,60,2.11,2.034746925284338
2020-10-26,2020,10,26,80,0.0,2.3457188319957383
2020-10-26,2020,10,26,100,0.53,2.452444088043169
2020-10-26,2020,10,26,120,0.53,0.7053834386796325
2020-10-26,2020,10,26,140,0.09,-0.670561738863837
2020-11-19,2020,11,19,1,4.22,5.989745435156558
2020-11-19,2020,11,19,20,3.74,5.077045642310061
2020-11-19,2020,11,19,40,4.33,3.7895137679866346
2020-11-19,2020,11,19,40,2.23,3.7895137679866346
2020-11-19,2020,11,19,80,0.94,1.4718628709288986
2020-11-19,2020,11,19,100,0.57,1.4607340082886147
2020-11-19,2020,11,19,120,0.0,0.5976282574647751
2020-11-19,2020,11,19,140,0.38,-0.8964467180941718
2020-12-12,2020,12,12,1,4.63,6.4123268749643625
2020-12-12,2020,12,12,20,5.19,5.448363303838355
2020-12-12,2020,12,12,40,3.92,4.203317060186017
2020-12-12,2020,12,12,60,2.29,2.900048695148673
2020-12-12,2020,12,12,80,0.83,1.707563889307247
2020-12-12,2020,12,12,100,1.21,1.7654521003863692
2020-12-12,2020,12,12,120,0.02,0.2519040682281837
2020-12-12,2020,12,12,140,0.0,-0.9221122832210806
2021-02-14,2021,2,14,40,16.8,6.4725512080247345
2021-02-14,2021,2,14,60,6.13,4.675318473769081
2021-02-14,2021,2,14,80,0.14,3.21707287594948
2021-02-14,2021,2,14,100,0.43,1.97583030912469
2021-02-14,2021,2,14,120,1.4,0.7303066475460689
2021-02-14,2021,2,14,140,0.66,-0.8600754023523933
2021-03-18,2021,3,18,1,12.16,7.8300734404231935
2021-03-18,2021,3,18,20,17.1,6.6983971144994126
2021-03-18,2021,3,18,40,14.0,5.405035721547662
2021-03-18,2021,3,18,60,8.22,4.389114425249985
2021-03-18,2021,3,18,80,2.34,3.296641195331002
2021-03-18,2021,3,18,100,0.9,1.850330528921468
2021-03-18,2021,3,18,120,0.94,0.7611812221679966
2021-03-18,2021,3,18,140,0.97,-0.7624285952140966
2021-03-25,2021,3,25,1,7.39,6.987165301952807
2021-03-25,2021,3,25,20,5.1,6.276021740523894
2021-03-25,2021,3,25,40,6.47,5.266348250564744
2021-03-25,2021,3,25,60,9.47,4.553839884252144
2021-03-25,2021,3,25,80,3.17,3.237598077707169
2021-03-25,2021,3,25,100,1.13,1.7737648534724233
2021-03-25,2021,3,25,120,0.12,0.20281255934125753
2021-03-25,2021,3,25,140,0.29,-1.2154898858356393
2021-04-29,2021,4,29,1,5.29,6.46515474482541
2021-04-29,2021,4,29,20,5.08,5.63127801655451
2021-04-29,2021,4,29,40,4.67,4.579987864119018
2021-04-29,2021,4,29,60,6.7,3.8809423842745217
2021-04-29,2021,4,29,80,4.62,3.527331528368946
2021-04-29,2021,4,29,100,0.62,1.8509583425230005
2021-04-29,2021,4,29,120,0.56,0.4970334832907284
2021-04-29,2021,4,29,140,0.12,-0.8397525305250948
2021-05-14,2021,5,14,1,10.05,6.478727801751768
2021-05-14,2021,5,14,20,5.62,5.646150709850258
2021-05-14,2021,5,14,40,4.97,4.86320649962268
2021-05-14,2021,5,14,60,3.95,3.8667066554600753
2021-05-14,2021,5,14,80,2.14,2.9055266878506445
2021-05-14,2021,5,14,100,1.75,2.090487172504831
2021-05-14,2021,5,14,120,0.11,0.603619477961896
2021-05-14,2021,5,14,140,0.19,-0.7682807019880116
2021-06-16,2021,6,16,1,3.77,5.032581552821611
2021-06-16,2021,6,16,20,4.09,4.1386029040925285
2021-06-16,2021,6,16,40,3.84,4.181673595941113
2021-06-16,2021,6,16,60,3.16,3.3035314146002754
2021-06-16,2021,6,16,80,1.59,2.7066730365489633
2021-06-16,2021,6,16,100,0.8,2.183162092608596
2021-06-16,2021,6,16,120,0.67,0.9300770206913782
2021-06-16,2021,6,16,140,0.0,-0.5478202138931483
2021-07-10,2021,7,10,1,5.69,4.758673846636527
2021-07-10,2021,7,10,20,4.43,3.603125561923039
2021-07-10,2021,7,10,40,4.75,3.796959594084356
2021-07-10,2021,7,10,60,4.55,3.3603091085991617
2021-07-10,2021,7,10,80,4.96,3.075210434887461
2021-07-10,2021,7,10,100,2.87,3.276748203922242
2021-07-10,2021,7,10,120,0.96,1.254285766067376
2021-07-10,2021,7,10,140,0.0,-0.26087886067506005
2021-08-20,2021,8,20,1,4.72,4.35841450476854
2021-08-20,2021,8,20,20,5.71,3.286338551916125
2021-08-20,2021,8,20,40,5.02,3.9002063823189976
2021-08-20,2021,8,20,60,4.55,3.592828376933702
2021-08-20,2021,8,20,80,2.97,3.276341104724036
2021-08-20,2021,8,20,100,2.31,2.9169507830770023
2021-08-20,2021,8,20,120,0.85,1.1877827529421623
2021-08-20,2021,8,20,140,0.19,-0.12542001045084383
2021-09-13,2021,9,13,1,2.68,4.207192801358059
2021-09-13,2021,9,13,20,3.43,3.0607924114020704
2021-09-13,2021,9,13,40,1.63,1.8560811763278693
2021-09-13,2021,9,13,60,2.43,2.112971756938652
2021-09-13,2021,9,13,80,1.6,2.2664283060027763
2021-09-13,2021,9,13,100,1.64,1.75511691762296
2021-09-13,2021,9,13,120,0.9,0.9868547933031486
2021-09-13,2021,9,13,140,0.27,-0.2188720634194432
2021-10-06,2021,10,6,1,3.69,4.376312741775004
2021-10-06,2021,10,6,20,4.58,3.4883675480446845
2021-10-06,2021,10,6,40,4.19,2.2997798734534847
2021-10-06,2021,10,6,60,3.95,2.435965464167321
2021-10-06,2021,10,6,80,3.05,2.2842085430915815
2021-10-06,2021,10,6,100,1.58,2.19963742483622
2021-10-06,2021,10,6,120,0.58,0.8614033792013238
2021-10-06,2021,10,6,140,0.41,-0.5700208642921307
2021-11-18,2021,11,18,1,6.11,5.882523713694915
2021-11-18,2021,11,18,20,6.35,4.849783307396973
2021-11-18,2021,11,18,40,3.87,3.6147791735726633
2021-11-18,2021,11,18,60,2.72,2.428450505159635
2021-11-18,2021,11,18,80,2.15,1.375815442230694
2021-11-18,2021,11,18,100,0.44,1.0167384886310096
2021-11-18,2021,11,18,120,0.7,0.1111681074002373
2021-11-18,2021,11,18,140,0.24,-0.859730726997574
2021-12-14,2021,12,14,1,14.43,6.547801582871394
2021-12-14,2021,12,14,20,11.88,6.142584842637922
2021-12-14,2021,12,14,40,6.86,5.041964015501063
2021-12-14,2021,12,14,60,2.43,3.744162759644083
2021-12-14,2021,12,14,80,0.61,1.9176803260587008
2021-12-14,2021,12,14,100,0.0,0.49639118542890515
2021-12-14,2021,12,14,120,0.1,-0.7074651876357834
2021-12-14,2021,12,14,140,0.11,-1.813101048719119
2022-01-13,2022,1,13,1,3.33,6.16569033824181
2022-01-13,2022,1,13,20,3.33,5.25469359643368
2022-01-13,2022,1,13,40,3.31,4.004591110044172
2022-01-13,2022,1,13,60,2.01,2.7161056099413075
2022-01-13,2022,1,13,80,1.39,1.4156466719284726
2022-01-13,2022,1,13,100,0.41,0.26406330706321235
2022-01-13,2022,1,13,120,0.66,0.21099728747351065
2022-01-13,2022,1,13,140,0.15,-1.1567012809794939
2022-04-07,2022,4,7,1,10.46,7.016732222602661
2022-04-07,2022,4,7,20,11.49,6.143905934666662
2022-04-07,2022,4,7,40,7.13,4.998779014978183
2022-04-07,2022,4,7,80,5.61,3.344045667268901
2022-04-07,2022,4,7,100,1.71,2.158119511320463
2022-04-07,2022,4,7,120,0.46,0.510757651291474
2022-04-07,2022,4,7,140,0.05,-1.1049619773283936
2022-05-02,2022,5,2,1,4.23,7.127228327965172
2022-05-02,2022,5,2,20,5.56,6.204793858705821
2022-05-02,2022,5,2,40,3.85,4.960907025029891
2022-05-02,2022,5,2,60,4.32,3.5371419991691937
2022-05-02,2022,5,2,80,2.69,2.4088381442615385
2022-05-02,2022,5,2,100,3.86,2.1443597071913785
2022-05-02,2022,5,2,120,0.58,0.5436840093373636
2022-05-02,2022,5,2,140,0.58,-0.9851874585612368
2022-05-24,2022,5,24,1,4.48,5.61089984453757
2022-05-24,2022,5,24,20,3.74,4.92584023634875
2022-05-24,2022,5,24,40,3.33,3.798946081057103
2022-05-24,2022,5,24,60,3.1,2.9084652960307267
2022-05-24,2022,5,24,80,3.04,2.195613316834173
2022-05-24,2022,5,24,100,2.17,1.23530157605256
2022-05-24,2022,5,24,120,1.72,0.5808546576812681
2022-05-24,2022,5,24,140,1.0,-0.6287205607361308
2022-06-29,2022,6,29,1,5.12,5.716281018120003
2022-06-29,2022,6,29,20,4.55,4.9253654174270665
2022-06-29,2022,6,29,40,5.23,4.611871271420212
2022-06-29,2022,6,29,60,6.68,4.073158712600901
2022-06-29,2022,6,29,80,3.86,3.29315536372635
2022-06-29,2022,6,29,100,1.14,2.009988159955421
2022-06-29,2022,6,29,120,0.0,0.5602490907663924
2022-06-29,2022,6,29,140,0.0,-0.8560384274059363
2022-07-15,2022,7,15,1,4.41,4.786133328257475
2022-07-15,2022,7,15,20,3.7,4.0914923551697795
2022-07-15,2022,7,15,40,5.07,4.2297381042643964
2022-07-15,2022,7,15,60,4.26,3.8504136420761412
2022-07-15,2022,7,15,80,2.74,3.171657186002838
2022-07-15,2022,7,15,100,1.99,2.7330697860437083
2022-07-15,2022,7,15,120,0.39,1.2301012255676245
2022-07-15,2022,7,15,140,0.0,-0.3989173732784099
2022-08-14,2022,8,14,1,5.7,3.6743190429385555
2022-08-14,2022,8,14,20,5.97,3.631203062384209
2022-08-14,2022,8,14,40,5.6,3.7832676380262855
2022-08-14,2022,8,14,60,4.49,3.6303164851924956
2022-08-14,2022,8,14,80,3.54,3.3811487276943106
2022-08-14,2022,8,14,100,2.97,2.6921666200560708
2022-08-14,2022,8,14,120,0.45,1.4599627217266935
2022-08-14,2022,8,14,140,0.0,-0.19243506643779362
2022-09-17,2022,9,17,1,3.59,4.588785333818694
2022-09-17,2022,9,17,20,2.23,3.783739989604018
2022-09-17,2022,9,17,40,4.47,2.710351277113992
2022-09-17,2022,9,17,60,3.6,2.6582577681671027
2022-09-17,2022,9,17,80,3.58,2.9747895409037497
2022-09-17,2022,9,17,100,1.99,2.5033763524696653
2022-09-17,2022,9,17,120,0.11,1.2389711848852905
2022-09-17,2022,9,17,140,0.0,-0.26700504108413625
2022-11-25,2022,11,25,1,3.61,5.430424929184983
2022-11-25,2022,11,25,20,4.56,4.546066040223809
2022-11-25,2022,11,25,40,3.41,3.3750216080988844
2022-11-25,2022,11,25,60,2.77,2.0520457509944365
2022-11-25,2022,11,25,80,1.91,2.248130751209356
2022-11-25,2022,11,25,100,0.59,1.3079922058032896
2022-11-25,2022,11,25,120,0.4,0.23690917337498263
2022-11-25,2022,11,25,140,0.27,-0.8315739778095299
2022-12-16,2022,12,16,1,8.12,6.392349951373119
2022-12-16,2022,12,16,20,8.92,5.445942551851618
2022-12-16,2022,12,16,40,4.82,4.3617864671895346
2022-12-16,2022,12,16,60,2.01,2.991888602945308
2022-12-16,2022,12,16,80,0.0,1.6798370857430829
2022-12-16,2022,12,16,100,0.0,0.5694494488219775
2022-12-16,2022,12,16,120,0.0,-0.3013819082131626
2022-12-16,2022,12,16,140,0.0,-0.8983805074400557
2023-01-12,2023,1,12,1,7.28,6.737318140486222
2023-01-12,2023,1,12,20,6.41,5.728821601023918
2023-01-12,2023,1,12,40,5.18,4.581942915827997
2023-01-12,2023,1,12,60,4.87,3.3091183796021824
2023-01-12,2023,1,12,80,1.31,2.037008714854
2023-01-12,2023,1,12,100,0.0,0.8309167498913705
2023-01-12,2023,1,12,120,0.08,0.12062432097543585
2023-01-12,2023,1,12,140,0.0,-1.053585568918134
2023-02-05,2023,2,5,1,3.96,7.252274175293119
2023-02-05,2023,2,5,20,7.19,6.423139425856837
2023-02-05,2023,2,5,40,4.3,5.136446051880341
2023-02-05,2023,2,5,60,4.55,3.7763829231104253
2023-02-05,2023,2,5,80,0.28,2.467751299363029
2023-02-05,2023,2,5,100,0.0,1.106344617323483
2023-02-05,2023,2,5,120,0.0,0.06684154116724983
2023-02-05,2023,2,5,140,0.21,-1.539705070366578
2023-03-20,2023,3,20,1,5.38,7.282800005948813
2023-03-20,2023,3,20,20,6.63,6.441997702680668
2023-03-20,2023,3,20,40,6.28,5.06782127953916
2023-03-20,2023,3,20,60,4.13,4.088619649822462
2023-03-20,2023,3,20,80,1.55,2.7400656406153687
2023-03-20,2023,3,20,100,0.3,1.5556348072035302
2023-03-20,2023,3,20,120,0.85,-0.01621086102882785
2023-03-20,2023,3,20,140,0.0,-1.349233021291628
2023-04-15,2023,4,15,1,6.95,6.810710855463798
2023-04-15,2023,4,15,20,5.7,5.967309152245371
2023-04-15,2023,4,15,40,5.5,4.828987866930166
2023-04-15,2023,4,15,60,5.99,3.7678364722770965
2023-04-15,2023,4,15,80,3.52,3.199990580587361
2023-04-15,2023,4,15,120,0.93,0.3761408816265259
2023-04-15,2023,4,15,140,0.88,-1.0518546106890234
2023-05-13,2023,5,13,1,3.38,6.55953268179722
2023-05-13,2023,5,13,20,4.41,5.555865691007759
2023-05-13,2023,5,13,40,3.47,4.312117596927737
2023-05-13,2023,5,13,60,3.37,3.5316010625946745
2023-05-13,2023,5,13,80,3.81,2.522453128160148
2023-05-13,2023,5,13,100,3.08,2.662386706757671
2023-05-13,2023,5,13,120,0.91,1.0877343700510504
2023-05-13,2023,5,13,140,0.0,-0.6292797532326961
2023-06-22,2023,6,22,20,7.27,5.196011524415053
2023-06-22,2023,6,22,40,5.81,4.857957211308538
2023-06-22,2023,6,22,60,6.18,3.9156657786933025
2023-06-22,2023,6,22,80,1.58,3.127716170783215
2023-06-22,2023,6,22,100,1.18,2.1950134263306977
2023-06-22,2023,6,22,120,0.0,1.4451604511323257
2023-06-22,2023,6,22,140,1.4,-0.41482309217276736
