yymmdd,year,month,day,set_depths,PP,RFR_Pred_PP
1988-12-18,1988,12,18,1,6.15,
1988-12-18,1988,12,18,40,2.15,
1988-12-18,1988,12,18,80,0.29,
1988-12-18,1988,12,18,100,2.85,
1988-12-18,1988,12,18,120,0.16,
1989-01-27,1989,1,27,20,3.78,
1989-01-27,1989,1,27,40,3.5,
1989-01-27,1989,1,27,60,2.02,
1989-01-27,1989,1,27,80,0.77,
1989-01-27,1989,1,27,100,0.49,
1989-02-19,1989,2,19,20,8.11,
1989-02-19,1989,2,19,40,1.84,
1989-02-19,1989,2,19,100,0.12,
1989-03-26,1989,3,26,1,4.02,
1989-03-26,1989,3,26,20,2.85,
1989-03-26,1989,3,26,20,3.8,
1989-03-26,1989,3,26,40,3.54,
1989-03-26,1989,3,26,60,2.96,
1989-03-26,1989,3,26,60,0.4,
1989-04-17,1989,4,17,1,3.57,
1989-04-17,1989,4,17,20,3.5,
1989-04-17,1989,4,17,40,2.49,
1989-04-17,1989,4,17,40,2.45,
1989-04-17,1989,4,17,60,2.14,
1989-04-17,1989,4,17,80,3.16,
1989-05-16,1989,5,16,1,2.42,
1989-05-16,1989,5,16,20,1.72,
1989-05-16,1989,5,16,20,0.86,
1989-05-16,1989,5,16,40,2.17,
1989-05-16,1989,5,16,60,1.83,
1989-05-16,1989,5,16,100,0.67,
1989-06-22,1989,6,22,20,4.38,
1989-06-22,1989,6,22,20,4.27,
1989-06-22,1989,6,22,40,1.86,
1989-06-22,1989,6,22,60,3.92,
1989-07-20,1989,7,20,1,4.06,
1989-07-20,1989,7,20,20,4.3,
1989-07-20,1989,7,20,40,3.76,
1989-07-20,1989,7,20,60,3.75,
1989-07-20,1989,7,20,80,3.61,
1989-07-20,1989,7,20,100,3.35,
1989-08-16,1989,8,16,1,2.75,
1989-08-16,1989,8,16,20,5.39,
1989-08-16,1989,8,16,40,2.83,
1989-08-16,1989,8,16,60,2.41,
1989-08-16,1989,8,16,80,0.87,
1989-08-16,1989,8,16,100,0.38,
1989-08-16,1989,8,16,120,0.89,
1989-08-16,1989,8,16,140,0.21,
1989-10-20,1989,10,20,1,4.46,
1989-10-20,1989,10,20,20,4.09,
1989-10-20,1989,10,20,40,1.12,
1989-10-20,1989,10,20,60,1.84,
1989-10-20,1989,10,20,80,0.97,
1989-10-20,1989,10,20,100,0.4,
1989-10-20,1989,10,20,120,0.13,
1989-10-20,1989,10,20,140,0.08,
1990-01-16,1990,1,16,1,3.88,
1990-01-16,1990,1,16,20,4.27,
1990-01-16,1990,1,16,40,3.56,
1990-01-16,1990,1,16,60,1.91,
1990-01-16,1990,1,16,80,0.73,
1990-01-16,1990,1,16,100,0.05,
1990-01-16,1990,1,16,120,0.27,
1990-01-16,1990,1,16,140,0.11,
1990-02-16,1990,2,16,1,4.89,
1990-02-16,1990,2,16,20,7.32,
1990-02-16,1990,2,16,40,6.6,
1990-02-16,1990,2,16,60,4.59,
1990-02-16,1990,2,16,80,2.44,
1990-02-16,1990,2,16,100,1.11,
1990-02-16,1990,2,16,120,0.45,
1990-02-16,1990,2,16,140,0.0,
1990-03-13,1990,3,13,1,7.38,
1990-03-13,1990,3,13,20,8.6,
1990-03-13,1990,3,13,40,7.45,
1990-03-13,1990,3,13,60,3.95,
1990-03-13,1990,3,13,80,0.95,
1990-03-13,1990,3,13,100,0.34,
1990-03-13,1990,3,13,120,0.16,
1990-03-13,1990,3,13,140,0.19,
1990-04-17,1990,4,17,1,13.18,
1990-04-17,1990,4,17,20,14.03,
1990-04-17,1990,4,17,40,9.69,
1990-04-17,1990,4,17,60,3.47,
1990-04-17,1990,4,17,80,0.3,
1990-04-17,1990,4,17,100,0.34,
1990-04-17,1990,4,17,120,0.08,
1990-04-17,1990,4,17,140,0.07,
1990-05-09,1990,5,9,1,4.63,
1990-05-09,1990,5,9,20,4.74,
1990-05-09,1990,5,9,40,4.18,
1990-05-09,1990,5,9,60,3.3,
1990-05-09,1990,5,9,80,1.86,
1990-05-09,1990,5,9,100,0.9,
1990-05-09,1990,5,9,120,0.4,
1990-06-22,1990,6,22,1,5.59,
1990-06-22,1990,6,22,20,5.16,
1990-06-22,1990,6,22,40,3.92,
1990-06-22,1990,6,22,60,2.54,
1990-06-22,1990,6,22,80,1.46,
1990-06-22,1990,6,22,100,0.38,
1990-06-22,1990,6,22,120,0.12,
1990-06-22,1990,6,22,140,0.15,
1990-07-17,1990,7,17,1,2.56,
1990-07-17,1990,7,17,20,3.87,
1990-07-17,1990,7,17,40,2.6,
1990-07-17,1990,7,17,60,2.32,
1990-07-17,1990,7,17,80,1.09,
1990-07-17,1990,7,17,100,0.43,
1990-07-17,1990,7,17,120,0.0,
1990-07-17,1990,7,17,140,0.02,
1990-08-14,1990,8,14,1,2.67,
1990-08-14,1990,8,14,20,3.14,
1990-08-14,1990,8,14,40,1.65,
1990-08-14,1990,8,14,60,2.74,
1990-08-14,1990,8,14,80,1.33,
1990-08-14,1990,8,14,100,1.18,
1990-08-14,1990,8,14,120,0.54,
1990-08-14,1990,8,14,140,0.19,
1990-09-11,1990,9,11,1,3.43,
1990-09-11,1990,9,11,20,3.9,
1990-09-11,1990,9,11,40,2.55,
1990-09-11,1990,9,11,60,2.36,
1990-09-11,1990,9,11,80,1.14,
1990-09-11,1990,9,11,100,0.63,
1990-09-11,1990,9,11,120,0.27,
1990-09-11,1990,9,11,140,0.16,
1990-10-15,1990,10,15,1,4.87,
1990-10-15,1990,10,15,20,5.08,
1990-10-15,1990,10,15,40,3.17,
1990-10-15,1990,10,15,60,3.81,
1990-10-15,1990,10,15,80,2.24,
1990-10-15,1990,10,15,100,1.18,
1990-10-15,1990,10,15,120,0.48,
1990-10-15,1990,10,15,140,0.06,
1990-11-06,1990,11,6,1,4.01,
1990-11-06,1990,11,6,20,5.32,
1990-11-06,1990,11,6,40,4.79,
1990-11-06,1990,11,6,60,3.51,
1990-11-06,1990,11,6,80,2.18,
1990-11-06,1990,11,6,100,1.01,
1990-11-06,1990,11,6,120,0.34,
1990-11-06,1990,11,6,140,0.07,
1990-12-03,1990,12,3,1,8.11,
1990-12-03,1990,12,3,20,7.29,
1990-12-03,1990,12,3,40,5.58,
1990-12-03,1990,12,3,60,2.59,
1990-12-03,1990,12,3,80,1.02,
1990-12-03,1990,12,3,100,0.26,
1990-12-03,1990,12,3,120,0.27,
1990-12-03,1990,12,3,140,0.0,
1991-01-15,1991,1,15,1,9.56,
1991-01-15,1991,1,15,20,10.61,
1991-01-15,1991,1,15,40,6.94,
1991-01-15,1991,1,15,60,3.12,
1991-01-15,1991,1,15,80,0.96,
1991-01-15,1991,1,15,100,0.34,
1991-01-15,1991,1,15,120,0.11,
1991-01-15,1991,1,15,140,0.0,
1991-02-20,1991,2,20,1,4.43,
1991-02-20,1991,2,20,40,1.59,
1991-02-20,1991,2,20,60,0.78,
1991-02-20,1991,2,20,80,0.64,
1991-02-20,1991,2,20,100,0.15,
1991-02-20,1991,2,20,120,0.05,
1991-02-20,1991,2,20,140,0.0,
1991-03-21,1991,3,21,20,15.69,
1991-03-21,1991,3,21,40,17.04,
1991-03-21,1991,3,21,60,3.48,
1991-03-21,1991,3,21,100,0.12,
1991-03-21,1991,3,21,120,0.22,
1991-03-21,1991,3,21,140,0.01,
1991-04-05,1991,4,5,40,11.46,
1991-04-05,1991,4,5,60,4.58,
1991-04-05,1991,4,5,80,1.43,
1991-04-05,1991,4,5,100,0.22,
1991-04-05,1991,4,5,120,0.0,
1991-04-05,1991,4,5,140,0.03,
1991-04-16,1991,4,16,1,9.71,
1991-04-16,1991,4,16,20,10.91,
1991-04-16,1991,4,16,40,8.38,
1991-04-16,1991,4,16,60,5.37,
1991-04-16,1991,4,16,80,2.11,
1991-04-16,1991,4,16,100,0.44,
1991-04-16,1991,4,16,120,0.69,
1991-04-16,1991,4,16,140,0.04,
1991-05-14,1991,5,14,1,6.04,
1991-05-14,1991,5,14,20,6.62,
1991-05-14,1991,5,14,40,6.84,
1991-05-14,1991,5,14,60,3.15,
1991-05-14,1991,5,14,80,4.0,
1991-05-14,1991,5,14,100,0.54,
1991-05-14,1991,5,14,120,0.1,
1991-05-14,1991,5,14,140,0.02,
1991-06-19,1991,6,19,1,2.98,
1991-06-19,1991,6,19,20,4.34,
1991-06-19,1991,6,19,40,4.5,
1991-06-19,1991,6,19,60,5.49,
1991-06-19,1991,6,19,100,1.88,
1991-06-19,1991,6,19,120,0.92,
1991-06-19,1991,6,19,140,0.11,
1991-07-16,1991,7,16,1,4.61,
1991-07-16,1991,7,16,20,4.93,
1991-07-16,1991,7,16,40,4.99,
1991-07-16,1991,7,16,60,5.02,
1991-07-16,1991,7,16,80,3.65,
1991-07-16,1991,7,16,100,2.47,
1991-07-16,1991,7,16,120,0.15,
1991-07-16,1991,7,16,140,0.37,
1991-09-11,1991,9,11,1,2.46,
1991-09-11,1991,9,11,20,1.87,
1991-09-11,1991,9,11,40,1.6,
1991-09-11,1991,9,11,60,1.91,
1991-09-11,1991,9,11,80,0.58,
1991-09-11,1991,9,11,100,0.34,
1991-09-11,1991,9,11,120,0.36,
1991-09-11,1991,9,11,140,0.16,
1991-10-08,1991,10,8,1,2.01,
1991-10-08,1991,10,8,20,3.28,
1991-10-08,1991,10,8,40,2.51,
1991-10-08,1991,10,8,60,1.66,
1991-10-08,1991,10,8,80,0.89,
1991-10-08,1991,10,8,100,1.35,
1991-10-08,1991,10,8,120,0.16,
1991-10-08,1991,10,8,140,0.02,
1991-11-12,1991,11,12,1,3.13,
1991-11-12,1991,11,12,20,4.0,
1991-11-12,1991,11,12,40,3.64,
1991-11-12,1991,11,12,60,3.03,
1991-11-12,1991,11,12,80,2.46,
1991-11-12,1991,11,12,100,0.0,
1991-11-12,1991,11,12,120,0.36,
1991-12-09,1991,12,9,1,3.86,
1991-12-09,1991,12,9,20,3.17,
1991-12-09,1991,12,9,40,2.69,
1991-12-09,1991,12,9,60,2.03,
1991-12-09,1991,12,9,80,1.64,
1991-12-09,1991,12,9,100,2.12,
1991-12-09,1991,12,9,120,0.0,
1991-12-09,1991,12,9,140,0.01,
1992-01-09,1992,1,9,1,10.49,
1992-01-09,1992,1,9,20,9.36,
1992-01-09,1992,1,9,40,4.58,
1992-01-09,1992,1,9,60,1.49,
1992-01-09,1992,1,9,80,0.12,
1992-01-09,1992,1,9,100,0.25,
1992-01-09,1992,1,9,120,0.0,
1992-01-09,1992,1,9,140,0.01,
1992-01-28,1992,1,28,1,13.1,
1992-01-28,1992,1,28,20,12.56,
1992-01-28,1992,1,28,40,7.4,
1992-01-28,1992,1,28,60,2.88,
1992-01-28,1992,1,28,80,1.08,
1992-01-28,1992,1,28,100,0.28,
1992-01-28,1992,1,28,120,0.12,
1992-01-28,1992,1,28,140,0.0,
1992-02-13,1992,2,13,1,15.77,
1992-02-13,1992,2,13,20,16.35,
1992-02-13,1992,2,13,40,11.8,
1992-02-13,1992,2,13,60,4.86,
1992-02-13,1992,2,13,80,1.11,
1992-02-13,1992,2,13,100,0.43,
1992-02-13,1992,2,13,120,0.21,
1992-02-13,1992,2,13,140,0.08,
1992-02-25,1992,2,25,1,10.89,
1992-02-25,1992,2,25,20,8.62,
1992-02-25,1992,2,25,40,8.22,
1992-02-25,1992,2,25,60,4.66,
1992-02-25,1992,2,25,80,1.35,
1992-02-25,1992,2,25,100,0.48,
1992-02-25,1992,2,25,120,0.08,
1992-02-25,1992,2,25,140,0.03,
1992-03-10,1992,3,10,1,12.78,
1992-03-10,1992,3,10,40,12.27,
1992-03-10,1992,3,10,60,9.02,
1992-03-10,1992,3,10,80,3.22,
1992-03-10,1992,3,10,100,1.25,
1992-03-10,1992,3,10,120,0.48,
1992-03-10,1992,3,10,140,0.28,
1992-03-19,1992,3,19,40,16.06,
1992-03-19,1992,3,19,60,6.65,
1992-03-19,1992,3,19,80,2.83,
1992-03-19,1992,3,19,100,0.68,
1992-03-19,1992,3,19,120,0.22,
1992-03-19,1992,3,19,140,0.0,
1992-04-12,1992,4,12,1,11.5,
1992-04-12,1992,4,12,20,13.32,
1992-04-12,1992,4,12,40,10.33,
1992-04-12,1992,4,12,60,10.05,
1992-04-12,1992,4,12,80,2.17,
1992-04-12,1992,4,12,100,0.51,
1992-04-12,1992,4,12,120,0.0,
1992-04-12,1992,4,12,140,0.02,
1992-04-21,1992,4,21,1,7.28,
1992-04-21,1992,4,21,20,9.04,
1992-04-21,1992,4,21,40,7.7,
1992-04-21,1992,4,21,60,6.86,
1992-04-21,1992,4,21,80,2.37,
1992-04-21,1992,4,21,100,1.07,
1992-04-21,1992,4,21,120,0.18,
1992-04-21,1992,4,21,140,0.0,
1992-05-05,1992,5,5,1,2.57,
1992-05-05,1992,5,5,20,3.44,
1992-05-05,1992,5,5,40,3.52,
1992-05-05,1992,5,5,60,3.01,
1992-05-05,1992,5,5,80,2.94,
1992-05-05,1992,5,5,100,2.79,
1992-05-05,1992,5,5,120,3.47,
1992-05-05,1992,5,5,140,0.6,
1992-05-19,1992,5,19,1,3.62,
1992-05-19,1992,5,19,20,3.4,
1992-05-19,1992,5,19,40,2.23,
1992-05-19,1992,5,19,60,3.1,
1992-05-19,1992,5,19,80,3.09,
1992-05-19,1992,5,19,100,0.58,
1992-05-19,1992,5,19,120,0.06,
1992-05-19,1992,5,19,140,0.07,
1992-06-17,1992,6,17,1,4.19,
1992-06-17,1992,6,17,20,4.17,
1992-06-17,1992,6,17,40,5.68,
1992-06-17,1992,6,17,60,4.72,
1992-06-17,1992,6,17,80,4.78,
1992-06-17,1992,6,17,100,0.97,
1992-06-17,1992,6,17,120,0.17,
1992-06-17,1992,6,17,140,0.03,
1992-07-14,1992,7,14,1,3.69,
1992-07-14,1992,7,14,20,3.39,
1992-07-14,1992,7,14,40,4.03,
1992-07-14,1992,7,14,60,4.67,
1992-07-14,1992,7,14,80,2.61,
1992-07-14,1992,7,14,100,1.71,
1992-07-14,1992,7,14,120,1.25,
1992-07-14,1992,7,14,140,0.08,
1992-08-18,1992,8,18,1,2.67,
1992-08-18,1992,8,18,20,3.8,
1992-08-18,1992,8,18,40,3.07,
1992-08-18,1992,8,18,60,3.49,
1992-08-18,1992,8,18,80,2.3,
1992-08-18,1992,8,18,100,1.33,
1992-08-18,1992,8,18,120,1.02,
1992-08-18,1992,8,18,140,0.65,
1992-10-14,1992,10,14,1,4.66,
1992-10-14,1992,10,14,20,5.4,
1992-10-14,1992,10,14,40,4.47,
1992-10-14,1992,10,14,60,5.88,
1992-10-14,1992,10,14,80,3.44,
1992-10-14,1992,10,14,100,0.89,
1992-10-14,1992,10,14,120,0.18,
1992-10-14,1992,10,14,140,0.05,
1992-11-12,1992,11,12,1,2.99,
1992-11-12,1992,11,12,20,3.98,
1992-11-12,1992,11,12,40,4.04,
1992-11-12,1992,11,12,60,2.39,
1992-11-12,1992,11,12,80,1.35,
1992-11-12,1992,11,12,120,0.78,
1992-11-12,1992,11,12,140,0.1,
1993-01-12,1993,1,12,1,4.48,
1993-01-12,1993,1,12,20,4.93,
1993-01-12,1993,1,12,40,4.28,
1993-01-12,1993,1,12,60,2.87,
1993-01-12,1993,1,12,80,1.69,
1993-01-12,1993,1,12,100,0.8,
1993-01-12,1993,1,12,120,0.33,
1993-01-12,1993,1,12,140,0.16,
1993-02-09,1993,2,9,1,2.91,
1993-02-09,1993,2,9,20,5.81,
1993-02-09,1993,2,9,40,5.99,
1993-02-09,1993,2,9,60,3.14,
1993-02-09,1993,2,9,80,1.13,
1993-02-09,1993,2,9,100,0.49,
1993-02-09,1993,2,9,120,0.12,
1993-02-09,1993,2,9,140,0.08,
1993-02-25,1993,2,25,1,14.31,
1993-02-25,1993,2,25,20,12.73,
1993-02-25,1993,2,25,40,7.86,
1993-02-25,1993,2,25,60,3.02,
1993-02-25,1993,2,25,80,1.07,
1993-02-25,1993,2,25,100,0.41,
1993-02-25,1993,2,25,120,0.13,
1993-02-25,1993,2,25,140,0.01,
1993-03-10,1993,3,10,1,11.59,
1993-03-10,1993,3,10,20,13.74,
1993-03-10,1993,3,10,40,13.27,
1993-03-10,1993,3,10,60,7.47,
1993-03-10,1993,3,10,80,2.9,
1993-03-10,1993,3,10,100,0.93,
1993-03-10,1993,3,10,120,0.21,
1993-03-10,1993,3,10,140,0.03,
1993-03-30,1993,3,30,1,4.53,
1993-03-30,1993,3,30,20,1.16,
1993-03-30,1993,3,30,40,2.11,
1993-03-30,1993,3,30,60,4.06,
1993-03-30,1993,3,30,80,6.66,
1993-03-30,1993,3,30,100,1.26,
1993-03-30,1993,3,30,120,1.15,
1993-03-30,1993,3,30,140,0.24,
1993-04-14,1993,4,14,1,2.87,
1993-04-14,1993,4,14,20,4.46,
1993-04-14,1993,4,14,40,3.84,
1993-04-14,1993,4,14,60,3.87,
1993-04-14,1993,4,14,80,4.19,
1993-04-14,1993,4,14,100,5.08,
1993-04-14,1993,4,14,120,1.38,
1993-04-14,1993,4,14,140,0.65,
1993-04-27,1993,4,27,1,4.26,
1993-04-27,1993,4,27,20,3.17,
1993-04-27,1993,4,27,40,1.69,
1993-04-27,1993,4,27,60,4.15,
1993-04-27,1993,4,27,80,0.95,
1993-04-27,1993,4,27,100,0.22,
1993-04-27,1993,4,27,120,0.06,
1993-04-27,1993,4,27,140,0.05,
1993-05-09,1993,5,9,1,4.73,
1993-05-09,1993,5,9,20,7.63,
1993-05-09,1993,5,9,40,8.39,
1993-05-09,1993,5,9,80,3.1,
1993-05-09,1993,5,9,100,0.31,
1993-05-09,1993,5,9,120,0.09,
1993-06-14,1993,6,14,1,2.69,
1993-06-14,1993,6,14,20,2.56,
1993-06-14,1993,6,14,40,2.13,
1993-06-14,1993,6,14,60,1.31,
1993-06-14,1993,6,14,80,1.04,
1993-06-14,1993,6,14,100,0.83,
1993-06-14,1993,6,14,120,0.39,
1993-06-14,1993,6,14,140,0.13,
1993-07-13,1993,7,13,1,3.29,
1993-07-13,1993,7,13,20,2.83,
1993-07-13,1993,7,13,40,2.97,
1993-07-13,1993,7,13,60,3.11,
1993-07-13,1993,7,13,80,2.21,
1993-07-13,1993,7,13,100,1.33,
1993-07-13,1993,7,13,120,1.36,
1993-07-13,1993,7,13,140,0.46,
1993-08-18,1993,8,18,1,2.16,
1993-08-18,1993,8,18,20,1.19,
1993-08-18,1993,8,18,40,0.62,
1993-08-18,1993,8,18,60,1.2,
1993-08-18,1993,8,18,80,0.6,
1993-08-18,1993,8,18,100,0.38,
1993-08-18,1993,8,18,120,0.2,
1993-08-18,1993,8,18,140,0.16,
1993-09-14,1993,9,14,1,4.94,
1993-09-14,1993,9,14,20,4.43,
1993-09-14,1993,9,14,40,4.67,
1993-09-14,1993,9,14,60,4.64,
1993-09-14,1993,9,14,80,6.12,
1993-09-14,1993,9,14,100,1.27,
1993-09-14,1993,9,14,120,0.37,
1993-09-14,1993,9,14,140,0.07,
1993-10-12,1993,10,12,1,4.29,
1993-10-12,1993,10,12,20,4.21,
1993-10-12,1993,10,12,40,5.16,
1993-10-12,1993,10,12,60,2.37,
1993-10-12,1993,10,12,80,1.32,
1993-10-12,1993,10,12,100,0.81,
1993-10-12,1993,10,12,120,0.19,
1993-10-12,1993,10,12,140,0.04,
1993-11-09,1993,11,9,1,3.24,
1993-11-09,1993,11,9,20,4.29,
1993-11-09,1993,11,9,40,3.82,
1993-11-09,1993,11,9,60,3.19,
1993-11-09,1993,11,9,80,2.07,
1993-11-09,1993,11,9,100,1.1,
1993-11-09,1993,11,9,120,0.46,
1993-11-09,1993,11,9,140,0.17,
1993-12-07,1993,12,7,1,4.52,
1993-12-07,1993,12,7,20,4.23,
1993-12-07,1993,12,7,40,3.0,
1993-12-07,1993,12,7,60,3.48,
1993-12-07,1993,12,7,80,1.43,
1993-12-07,1993,12,7,100,0.44,
1993-12-07,1993,12,7,120,0.23,
1993-12-07,1993,12,7,140,0.04,
1994-01-12,1994,1,12,1,0.88,
1994-01-12,1994,1,12,20,3.45,
1994-01-12,1994,1,12,40,0.71,
1994-01-12,1994,1,12,60,1.43,
1994-01-12,1994,1,12,80,0.69,
1994-01-12,1994,1,12,100,0.26,
1994-01-12,1994,1,12,120,0.23,
1994-01-12,1994,1,12,140,0.04,
1994-02-18,1994,2,18,1,5.53,
1994-02-18,1994,2,18,20,5.51,
1994-02-18,1994,2,18,40,4.71,
1994-02-18,1994,2,18,60,3.27,
1994-02-18,1994,2,18,80,1.12,
1994-02-18,1994,2,18,100,0.39,
1994-02-18,1994,2,18,120,0.1,
1994-02-18,1994,2,18,140,0.05,
1994-02-27,1994,2,27,1,12.36,
1994-02-27,1994,2,27,20,4.43,
1994-02-27,1994,2,27,40,5.45,
1994-02-27,1994,2,27,60,2.49,
1994-02-27,1994,2,27,80,0.34,
1994-02-27,1994,2,27,100,0.1,
1994-02-27,1994,2,27,120,0.07,
1994-02-27,1994,2,27,140,0.06,
1994-04-06,1994,4,6,1,3.88,
1994-04-06,1994,4,6,20,4.09,
1994-04-06,1994,4,6,40,5.61,
1994-04-06,1994,4,6,60,4.33,
1994-04-06,1994,4,6,80,3.05,
1994-04-06,1994,4,6,100,1.33,
1994-04-06,1994,4,6,120,0.48,
1994-04-06,1994,4,6,140,0.18,
1994-04-19,1994,4,19,1,1.6,
1994-04-19,1994,4,19,20,2.45,
1994-04-19,1994,4,19,40,2.72,
1994-04-19,1994,4,19,60,2.91,
1994-04-19,1994,4,19,80,1.65,
1994-04-19,1994,4,19,100,2.92,
1994-04-19,1994,4,19,120,1.0,
1994-04-19,1994,4,19,140,0.18,
1994-05-03,1994,5,3,1,5.57,
1994-05-03,1994,5,3,20,2.79,
1994-05-03,1994,5,3,40,4.03,
1994-05-03,1994,5,3,60,7.21,
1994-05-03,1994,5,3,80,4.07,
1994-05-03,1994,5,3,100,0.25,
1994-05-03,1994,5,3,120,0.09,
1994-05-03,1994,5,3,140,0.01,
1994-05-17,1994,5,17,1,3.59,
1994-05-17,1994,5,17,20,2.82,
1994-05-17,1994,5,17,40,3.06,
1994-05-17,1994,5,17,60,3.05,
1994-05-17,1994,5,17,80,2.8,
1994-05-17,1994,5,17,100,2.33,
1994-05-17,1994,5,17,120,0.06,
1994-05-17,1994,5,17,140,0.2,
1994-06-14,1994,6,14,1,3.19,
1994-06-14,1994,6,14,40,3.71,
1994-06-14,1994,6,14,60,3.04,
1994-06-14,1994,6,14,80,2.71,
1994-06-14,1994,6,14,100,1.57,
1994-06-14,1994,6,14,120,0.43,
1994-06-14,1994,6,14,140,0.06,
1994-07-19,1994,7,19,1,3.39,
1994-07-19,1994,7,19,20,3.81,
1994-07-19,1994,7,19,40,4.75,
1994-07-19,1994,7,19,60,3.52,
1994-07-19,1994,7,19,80,1.8,
1994-07-19,1994,7,19,100,2.04,
1994-07-19,1994,7,19,120,0.34,
1994-07-19,1994,7,19,140,0.0,
1994-09-20,1994,9,20,1,2.17,
1994-09-20,1994,9,20,20,3.01,
1994-09-20,1994,9,20,40,1.31,
1994-09-20,1994,9,20,60,2.86,
1994-09-20,1994,9,20,80,2.1,
1994-09-20,1994,9,20,100,0.99,
1994-09-20,1994,9,20,120,0.39,
1994-09-20,1994,9,20,140,0.07,
1994-10-19,1994,10,19,1,12.24,
1994-10-19,1994,10,19,20,9.26,
1994-10-19,1994,10,19,40,6.43,
1994-10-19,1994,10,19,60,2.25,
1994-10-19,1994,10,19,80,0.55,
1994-10-19,1994,10,19,100,0.11,
1994-10-19,1994,10,19,120,0.1,
1994-10-19,1994,10,19,140,0.01,
1994-11-15,1994,11,15,1,4.58,
1994-11-15,1994,11,15,20,4.26,
1994-11-15,1994,11,15,40,1.01,
1994-11-15,1994,11,15,60,1.16,
1994-11-15,1994,11,15,80,0.34,
1994-11-15,1994,11,15,100,0.12,
1994-11-15,1994,11,15,120,0.16,
1994-11-15,1994,11,15,140,0.06,
1994-12-09,1994,12,9,1,2.55,
1994-12-09,1994,12,9,20,2.72,
1994-12-09,1994,12,9,40,2.55,
1994-12-09,1994,12,9,60,1.42,
1994-12-09,1994,12,9,80,1.58,
1994-12-09,1994,12,9,100,0.68,
1994-12-09,1994,12,9,120,0.65,
1994-12-09,1994,12,9,140,0.69,
1995-01-11,1995,1,11,1,3.82,
1995-01-11,1995,1,11,20,6.56,
1995-01-11,1995,1,11,40,4.67,
1995-01-11,1995,1,11,60,2.93,
1995-01-11,1995,1,11,80,0.88,
1995-01-11,1995,1,11,100,0.38,
1995-01-11,1995,1,11,120,0.28,
1995-01-11,1995,1,11,140,0.11,
1995-02-01,1995,2,1,1,3.64,
1995-02-01,1995,2,1,20,10.97,
1995-02-01,1995,2,1,40,7.77,
1995-02-01,1995,2,1,60,3.07,
1995-02-01,1995,2,1,80,0.94,
1995-02-01,1995,2,1,100,0.09,
1995-02-01,1995,2,1,120,0.17,
1995-02-01,1995,2,1,140,0.15,
1995-02-14,1995,2,14,1,11.39,
1995-02-14,1995,2,14,20,6.97,
1995-02-14,1995,2,14,40,2.82,
1995-02-14,1995,2,14,60,0.77,
1995-02-14,1995,2,14,80,0.32,
1995-02-14,1995,2,14,100,0.0,
1995-02-14,1995,2,14,120,0.0,
1995-02-14,1995,2,14,140,0.0,
1995-03-01,1995,3,1,40,13.16,
1995-03-01,1995,3,1,60,3.69,
1995-03-01,1995,3,1,80,0.34,
1995-03-01,1995,3,1,100,1.49,
1995-03-01,1995,3,1,120,0.0,
1995-03-01,1995,3,1,140,0.1,
1995-03-16,1995,3,16,1,3.39,
1995-03-16,1995,3,16,20,5.48,
1995-03-16,1995,3,16,40,10.28,
1995-03-16,1995,3,16,60,3.83,
1995-03-16,1995,3,16,80,1.61,
1995-03-16,1995,3,16,100,0.46,
1995-03-16,1995,3,16,120,0.16,
1995-03-16,1995,3,16,140,0.13,
1995-03-29,1995,3,29,1,2.7,
1995-03-29,1995,3,29,20,5.08,
1995-03-29,1995,3,29,40,7.06,
1995-03-29,1995,3,29,60,2.86,
1995-03-29,1995,3,29,80,1.32,
1995-03-29,1995,3,29,100,0.29,
1995-03-29,1995,3,29,120,0.06,
1995-03-29,1995,3,29,140,0.0,
1995-04-11,1995,4,11,1,5.6,
1995-04-11,1995,4,11,20,6.23,
1995-04-11,1995,4,11,40,6.15,
1995-04-11,1995,4,11,60,4.2,
1995-04-11,1995,4,11,80,2.32,
1995-04-11,1995,4,11,100,1.39,
1995-04-11,1995,4,11,120,0.39,
1995-04-11,1995,4,11,140,0.03,
1995-04-27,1995,4,27,1,5.32,
1995-04-27,1995,4,27,20,6.73,
1995-04-27,1995,4,27,40,6.86,
1995-04-27,1995,4,27,60,8.86,
1995-04-27,1995,4,27,80,5.52,
1995-04-27,1995,4,27,100,0.91,
1995-04-27,1995,4,27,120,0.25,
1995-04-27,1995,4,27,140,0.01,
1995-05-11,1995,5,11,1,14.21,
1995-05-11,1995,5,11,20,16.51,
1995-05-11,1995,5,11,40,12.83,
1995-05-11,1995,5,11,60,3.77,
1995-05-11,1995,5,11,80,0.53,
1995-05-11,1995,5,11,100,0.62,
1995-05-11,1995,5,11,120,0.34,
1995-05-11,1995,5,11,140,0.1,
1995-06-13,1995,6,13,1,3.87,
1995-06-13,1995,6,13,20,3.6,
1995-06-13,1995,6,13,40,3.69,
1995-06-13,1995,6,13,60,3.24,
1995-06-13,1995,6,13,80,2.62,
1995-06-13,1995,6,13,100,2.37,
1995-06-13,1995,6,13,120,0.54,
1995-06-13,1995,6,13,140,0.14,
1995-07-11,1995,7,11,1,4.7,
1995-07-11,1995,7,11,20,4.22,
1995-07-11,1995,7,11,60,15.47,
1995-07-11,1995,7,11,80,2.95,
1995-07-11,1995,7,11,120,0.0,
1995-07-11,1995,7,11,140,0.0,
1995-09-13,1995,9,13,1,2.62,
1995-09-13,1995,9,13,20,3.24,
1995-09-13,1995,9,13,40,4.45,
1995-09-13,1995,9,13,60,1.55,
1995-09-13,1995,9,13,80,3.81,
1995-09-13,1995,9,13,100,4.42,
1995-09-13,1995,9,13,120,0.47,
1995-09-13,1995,9,13,140,0.16,
1995-10-13,1995,10,13,1,1.92,
1995-10-13,1995,10,13,20,2.41,
1995-10-13,1995,10,13,40,3.75,
1995-10-13,1995,10,13,60,3.42,
1995-10-13,1995,10,13,80,2.69,
1995-10-13,1995,10,13,100,2.03,
1995-10-13,1995,10,13,120,0.58,
1995-10-13,1995,10,13,140,0.17,
1995-11-11,1995,11,11,1,6.29,
1995-11-11,1995,11,11,20,5.49,
1995-11-11,1995,11,11,40,5.59,
1995-11-11,1995,11,11,60,2.23,
1995-11-11,1995,11,11,80,3.12,
1995-11-11,1995,11,11,100,0.38,
1995-11-11,1995,11,11,120,0.09,
1995-11-11,1995,11,11,140,0.11,
1995-12-15,1995,12,15,1,3.15,
1995-12-15,1995,12,15,20,5.36,
1995-12-15,1995,12,15,40,4.06,
1995-12-15,1995,12,15,60,2.06,
1995-12-15,1995,12,15,80,1.53,
1995-12-15,1995,12,15,100,0.37,
1995-12-15,1995,12,15,120,0.29,
1995-12-15,1995,12,15,140,0.03,
1996-01-30,1996,1,30,1,11.2,
1996-01-30,1996,1,30,20,13.06,
1996-01-30,1996,1,30,40,6.44,
1996-01-30,1996,1,30,60,2.17,
1996-01-30,1996,1,30,80,0.74,
1996-01-30,1996,1,30,100,0.17,
1996-01-30,1996,1,30,120,0.02,
1996-01-30,1996,1,30,140,0.0,
1996-02-15,1996,2,15,1,8.32,
1996-02-15,1996,2,15,20,12.11,
1996-02-15,1996,2,15,40,10.56,
1996-02-15,1996,2,15,60,3.57,
1996-02-15,1996,2,15,80,1.15,
1996-02-15,1996,2,15,100,0.3,
1996-02-15,1996,2,15,120,0.06,
1996-02-15,1996,2,15,140,0.0,
1996-02-28,1996,2,28,1,4.93,
1996-02-28,1996,2,28,20,8.45,
1996-02-28,1996,2,28,40,6.89,
1996-02-28,1996,2,28,60,1.79,
1996-02-28,1996,2,28,80,0.32,
1996-02-28,1996,2,28,100,0.08,
1996-02-28,1996,2,28,120,2.2,
1996-02-28,1996,2,28,140,0.78,
1996-03-15,1996,3,15,1,4.41,
1996-03-15,1996,3,15,20,6.1,
1996-03-15,1996,3,15,40,5.26,
1996-03-15,1996,3,15,60,7.04,
1996-03-15,1996,3,15,80,4.12,
1996-03-15,1996,3,15,100,0.92,
1996-03-15,1996,3,15,120,0.12,
1996-03-15,1996,3,15,140,0.03,
1996-03-28,1996,3,28,1,12.61,
1996-03-28,1996,3,28,20,16.52,
1996-03-28,1996,3,28,40,13.1,
1996-03-28,1996,3,28,60,12.6,
1996-03-28,1996,3,28,80,4.23,
1996-03-28,1996,3,28,100,1.2,
1996-03-28,1996,3,28,120,0.0,
1996-03-28,1996,3,28,140,0.01,
1996-04-09,1996,4,9,1,5.28,
1996-04-09,1996,4,9,20,4.45,
1996-04-09,1996,4,9,40,7.33,
1996-04-09,1996,4,9,60,3.78,
1996-04-09,1996,4,9,80,0.48,
1996-04-09,1996,4,9,100,0.0,
1996-04-09,1996,4,9,120,0.0,
1996-04-09,1996,4,9,140,0.0,
1996-04-23,1996,4,23,1,9.52,
1996-04-23,1996,4,23,60,4.23,
1996-04-23,1996,4,23,80,0.85,
1996-04-23,1996,4,23,100,0.02,
1996-04-23,1996,4,23,120,0.1,
1996-04-23,1996,4,23,140,0.0,
1996-05-07,1996,5,7,1,6.06,
1996-05-07,1996,5,7,20,4.8,
1996-05-07,1996,5,7,40,2.79,
1996-05-07,1996,5,7,60,3.72,
1996-05-07,1996,5,7,80,2.7,
1996-05-07,1996,5,7,100,0.31,
1996-05-07,1996,5,7,140,0.0,
1996-06-11,1996,6,11,1,4.88,
1996-06-11,1996,6,11,20,4.48,
1996-06-11,1996,6,11,40,4.22,
1996-06-11,1996,6,11,60,3.7,
1996-06-11,1996,6,11,80,3.25,
1996-06-11,1996,6,11,100,2.76,
1996-06-11,1996,6,11,120,0.72,
1996-06-11,1996,6,11,140,0.13,
1996-07-04,1996,7,4,1,10.74,
1996-07-04,1996,7,4,1,9.21,
1996-07-04,1996,7,4,20,11.33,
1996-07-04,1996,7,4,20,8.08,
1996-07-04,1996,7,4,40,8.07,
1996-07-04,1996,7,4,60,7.75,
1996-07-04,1996,7,4,80,4.68,
1996-07-04,1996,7,4,100,2.07,
1996-07-04,1996,7,4,120,0.73,
1996-07-05,1996,7,5,1,5.64,
1996-07-05,1996,7,5,1,5.85,
1996-07-05,1996,7,5,20,5.8,
1996-07-05,1996,7,5,20,4.45,
1996-07-05,1996,7,5,40,1.4,
1996-07-05,1996,7,5,60,5.31,
1996-07-05,1996,7,5,80,3.26,
1996-07-05,1996,7,5,100,2.35,
1996-07-05,1996,7,5,120,0.42,
1996-07-09,1996,7,9,1,10.17,
1996-07-09,1996,7,9,20,8.51,
1996-07-09,1996,7,9,40,6.51,
1996-07-09,1996,7,9,60,6.29,
1996-07-09,1996,7,9,80,2.74,
1996-07-09,1996,7,9,100,2.51,
1996-08-06,1996,8,6,1,6.06,
1996-08-06,1996,8,6,20,4.16,
1996-08-06,1996,8,6,40,5.85,
1996-08-06,1996,8,6,60,4.4,
1996-08-06,1996,8,6,80,2.77,
1996-08-06,1996,8,6,100,2.41,
1996-08-06,1996,8,6,120,0.97,
1996-08-06,1996,8,6,140,0.13,
1996-09-03,1996,9,3,1,4.02,
1996-09-03,1996,9,3,20,4.82,
1996-09-03,1996,9,3,40,6.05,
1996-09-03,1996,9,3,60,4.58,
1996-09-03,1996,9,3,80,2.76,
1996-09-03,1996,9,3,100,1.4,
1996-09-03,1996,9,3,120,0.79,
1996-09-03,1996,9,3,140,0.25,
1996-10-09,1996,10,9,1,4.81,
1996-10-09,1996,10,9,20,4.99,
1996-10-09,1996,10,9,40,5.27,
1996-10-09,1996,10,9,60,5.23,
1996-10-09,1996,10,9,80,3.27,
1996-10-09,1996,10,9,100,1.43,
1996-10-09,1996,10,9,120,0.43,
1996-10-09,1996,10,9,140,0.28,
1996-11-06,1996,11,6,1,4.54,
1996-11-06,1996,11,6,20,4.24,
1996-11-06,1996,11,6,40,3.71,
1996-11-06,1996,11,6,60,2.53,
1996-11-06,1996,11,6,80,1.89,
1996-11-06,1996,11,6,100,0.67,
1996-11-06,1996,11,6,120,0.42,
1996-11-06,1996,11,6,140,0.11,
1996-12-12,1996,12,12,1,16.23,
1996-12-12,1996,12,12,20,13.08,
1996-12-12,1996,12,12,40,5.99,
1996-12-12,1996,12,12,60,2.0,
1996-12-12,1996,12,12,80,0.44,
1996-12-12,1996,12,12,100,0.11,
1996-12-12,1996,12,12,120,0.0,
1996-12-12,1996,12,12,140,0.0,
1997-01-14,1997,1,14,1,7.28,
1997-01-14,1997,1,14,20,5.25,
1997-01-14,1997,1,14,40,2.26,
1997-01-14,1997,1,14,60,0.91,
1997-01-14,1997,1,14,80,0.2,
1997-01-14,1997,1,14,100,0.03,
1997-01-14,1997,1,14,120,0.0,
1997-01-14,1997,1,14,140,0.0,
1997-01-28,1997,1,28,1,12.16,
1997-01-28,1997,1,28,20,12.9,
1997-01-28,1997,1,28,40,8.66,
1997-01-28,1997,1,28,60,3.12,
1997-01-28,1997,1,28,80,0.96,
1997-01-28,1997,1,28,100,0.24,
1997-01-28,1997,1,28,120,0.0,
1997-01-28,1997,1,28,140,0.0,
1997-02-07,1997,2,7,1,4.76,
1997-02-07,1997,2,7,20,3.92,
1997-02-07,1997,2,7,40,2.82,
1997-02-07,1997,2,7,60,3.24,
1997-02-07,1997,2,7,80,2.05,
1997-02-07,1997,2,7,100,0.5,
1997-02-07,1997,2,7,120,0.23,
1997-02-07,1997,2,7,140,0.11,
1997-02-21,1997,2,21,1,5.69,
1997-02-21,1997,2,21,20,6.32,
1997-02-21,1997,2,21,40,7.66,
1997-02-21,1997,2,21,60,9.07,
1997-02-21,1997,2,21,80,6.42,
1997-02-21,1997,2,21,100,1.76,
1997-02-21,1997,2,21,120,0.23,
1997-02-21,1997,2,21,140,0.15,
1997-03-05,1997,3,5,1,2.2,
1997-03-05,1997,3,5,20,2.26,
1997-03-05,1997,3,5,40,2.9,
1997-03-05,1997,3,5,60,2.63,
1997-03-05,1997,3,5,80,1.75,
1997-03-05,1997,3,5,100,1.27,
1997-03-05,1997,3,5,120,0.56,
1997-03-05,1997,3,5,140,0.16,
1997-03-19,1997,3,19,1,3.73,
1997-03-19,1997,3,19,20,4.79,
1997-03-19,1997,3,19,40,4.04,
1997-03-19,1997,3,19,60,3.14,
1997-03-19,1997,3,19,80,3.88,
1997-03-19,1997,3,19,100,2.07,
1997-03-19,1997,3,19,120,0.27,
1997-03-19,1997,3,19,140,0.05,
1997-04-09,1997,4,9,1,8.57,
1997-04-09,1997,4,9,20,8.17,
1997-04-09,1997,4,9,40,7.12,
1997-04-09,1997,4,9,60,4.56,
1997-04-09,1997,4,9,80,2.53,
1997-04-09,1997,4,9,100,0.87,
1997-04-09,1997,4,9,120,0.24,
1997-04-09,1997,4,9,140,0.06,
1997-05-06,1997,5,6,1,2.62,
1997-05-06,1997,5,6,20,4.93,
1997-05-06,1997,5,6,40,5.61,
1997-05-06,1997,5,6,60,3.93,
1997-05-06,1997,5,6,80,2.74,
1997-05-06,1997,5,6,100,1.98,
1997-05-06,1997,5,6,120,0.56,
1997-05-06,1997,5,6,140,0.08,
1997-06-11,1997,6,11,1,2.56,
1997-06-11,1997,6,11,20,7.13,
1997-06-11,1997,6,11,40,6.49,
1997-06-11,1997,6,11,60,5.8,
1997-06-11,1997,6,11,80,6.97,
1997-06-11,1997,6,11,100,1.33,
1997-06-11,1997,6,11,120,0.1,
1997-06-11,1997,6,11,140,0.01,
1997-07-15,1997,7,15,1,2.75,
1997-07-15,1997,7,15,20,4.64,
1997-07-15,1997,7,15,40,4.43,
1997-07-15,1997,7,15,60,4.56,
1997-07-15,1997,7,15,80,5.96,
1997-07-15,1997,7,15,100,2.46,
1997-07-15,1997,7,15,120,0.62,
1997-07-15,1997,7,15,140,0.15,
1997-08-12,1997,8,12,1,4.91,
1997-08-12,1997,8,12,20,3.72,
1997-08-12,1997,8,12,40,3.05,
1997-08-12,1997,8,12,60,3.07,
1997-08-12,1997,8,12,80,2.25,
1997-08-12,1997,8,12,100,1.3,
1997-08-12,1997,8,12,120,0.86,
1997-08-12,1997,8,12,140,0.28,
1997-10-07,1997,10,7,1,3.92,
1997-10-07,1997,10,7,20,0.99,
1997-10-07,1997,10,7,40,3.79,
1997-10-07,1997,10,7,60,3.35,
1997-10-07,1997,10,7,80,2.65,
1997-10-07,1997,10,7,100,1.79,
1997-10-07,1997,10,7,120,0.61,
1997-10-07,1997,10,7,140,0.17,
1997-11-12,1997,11,12,1,4.85,
1997-11-12,1997,11,12,20,2.71,
1997-11-12,1997,11,12,40,3.76,
1997-11-12,1997,11,12,60,4.75,
1997-11-12,1997,11,12,80,2.44,
1997-11-12,1997,11,12,100,0.51,
1997-11-12,1997,11,12,120,0.2,
1997-11-12,1997,11,12,140,0.07,
1997-12-09,1997,12,9,1,10.81,
1997-12-09,1997,12,9,20,10.37,
1997-12-09,1997,12,9,40,6.45,
1997-12-09,1997,12,9,60,2.73,
1997-12-09,1997,12,9,80,0.85,
1997-12-09,1997,12,9,100,0.29,
1997-12-09,1997,12,9,120,0.11,
1997-12-09,1997,12,9,140,0.03,
1998-01-13,1998,1,13,1,4.76,
1998-01-13,1998,1,13,20,4.45,
1998-01-13,1998,1,13,40,3.8,
1998-01-13,1998,1,13,60,2.55,
1998-01-13,1998,1,13,80,0.8,
1998-01-13,1998,1,13,100,0.5,
1998-01-13,1998,1,13,120,0.13,
1998-01-13,1998,1,13,140,0.02,
1998-02-12,1998,2,12,1,11.8,
1998-02-12,1998,2,12,20,12.62,
1998-02-12,1998,2,12,40,8.77,
1998-02-12,1998,2,12,60,3.82,
1998-02-12,1998,2,12,80,1.2,
1998-02-12,1998,2,12,100,0.21,
1998-02-12,1998,2,12,120,0.08,
1998-02-12,1998,2,12,140,0.12,
1998-03-12,1998,3,12,1,12.55,
1998-03-12,1998,3,12,20,6.77,
1998-03-12,1998,3,12,40,8.78,
1998-03-12,1998,3,12,60,3.03,
1998-03-12,1998,3,12,80,0.47,
1998-03-12,1998,3,12,100,0.31,
1998-03-12,1998,3,12,120,0.08,
1998-03-12,1998,3,12,140,0.04,
1998-03-25,1998,3,25,1,5.05,
1998-03-25,1998,3,25,20,6.84,
1998-03-25,1998,3,25,40,4.1,
1998-03-25,1998,3,25,60,3.45,
1998-03-25,1998,3,25,80,1.18,
1998-03-25,1998,3,25,100,0.13,
1998-03-25,1998,3,25,120,0.16,
1998-03-25,1998,3,25,140,0.09,
1998-04-07,1998,4,7,1,3.88,
1998-04-07,1998,4,7,20,0.49,
1998-04-07,1998,4,7,40,2.66,
1998-04-07,1998,4,7,60,3.59,
1998-04-07,1998,4,7,80,1.37,
1998-04-07,1998,4,7,100,0.89,
1998-04-07,1998,4,7,120,0.13,
1998-04-07,1998,4,7,140,0.1,
1998-05-05,1998,5,5,1,4.2,
1998-05-05,1998,5,5,20,3.55,
1998-05-05,1998,5,5,40,0.18,
1998-05-05,1998,5,5,60,2.3,
1998-05-05,1998,5,5,80,1.61,
1998-05-05,1998,5,5,100,0.21,
1998-05-05,1998,5,5,120,0.04,
1998-05-05,1998,5,5,140,0.0,
1998-06-02,1998,6,2,1,5.43,
1998-06-02,1998,6,2,20,4.94,
1998-06-02,1998,6,2,40,4.36,
1998-06-02,1998,6,2,60,4.01,
1998-06-02,1998,6,2,80,3.18,
1998-06-02,1998,6,2,100,0.85,
1998-06-02,1998,6,2,120,0.11,
1998-06-02,1998,6,2,140,0.0,
1998-07-07,1998,7,7,1,0.74,
1998-07-07,1998,7,7,20,5.94,
1998-07-07,1998,7,7,40,4.66,
1998-07-07,1998,7,7,60,4.24,
1998-07-07,1998,7,7,80,5.4,
1998-07-07,1998,7,7,100,2.04,
1998-07-07,1998,7,7,120,0.29,
1998-07-07,1998,7,7,140,0.04,
1998-08-11,1998,8,11,1,4.16,
1998-08-11,1998,8,11,20,2.72,
1998-08-11,1998,8,11,40,3.59,
1998-08-11,1998,8,11,60,1.77,
1998-08-11,1998,8,11,80,0.21,
1998-08-11,1998,8,11,100,0.08,
1998-08-11,1998,8,11,120,0.03,
1998-08-11,1998,8,11,140,0.0,
1998-09-10,1998,9,10,1,3.58,
1998-09-10,1998,9,10,20,4.43,
1998-09-10,1998,9,10,40,4.26,
1998-09-10,1998,9,10,60,5.12,
1998-09-10,1998,9,10,80,6.23,
1998-09-10,1998,9,10,100,0.78,
1998-09-10,1998,9,10,120,0.07,
1998-09-10,1998,9,10,140,0.05,
1998-10-22,1998,10,22,1,3.21,
1998-10-22,1998,10,22,20,4.36,
1998-10-22,1998,10,22,40,3.33,
1998-10-22,1998,10,22,60,3.61,
1998-10-22,1998,10,22,80,2.98,
1998-10-22,1998,10,22,100,0.44,
1998-10-22,1998,10,22,120,0.11,
1998-10-22,1998,10,22,140,0.02,
1998-11-17,1998,11,17,1,5.06,
1998-11-17,1998,11,17,20,4.31,
1998-11-17,1998,11,17,40,2.23,
1998-11-17,1998,11,17,60,1.7,
1998-11-17,1998,11,17,80,0.98,
1998-11-17,1998,11,17,100,0.59,
1998-11-17,1998,11,17,120,0.26,
1998-11-17,1998,11,17,140,0.05,
1998-12-08,1998,12,8,1,4.53,
1998-12-08,1998,12,8,20,2.01,
1998-12-08,1998,12,8,40,2.45,
1998-12-08,1998,12,8,60,2.17,
1998-12-08,1998,12,8,80,2.34,
1998-12-08,1998,12,8,100,0.79,
1998-12-08,1998,12,8,120,0.17,
1998-12-08,1998,12,8,140,0.07,
1999-01-15,1999,1,15,1,5.1,
1999-01-15,1999,1,15,20,4.0,
1999-01-15,1999,1,15,40,4.2,
1999-01-15,1999,1,15,60,3.11,
1999-01-15,1999,1,15,80,1.49,
1999-01-15,1999,1,15,100,0.46,
1999-01-15,1999,1,15,120,0.25,
1999-01-15,1999,1,15,140,0.02,
1999-01-27,1999,1,27,1,5.89,
1999-01-27,1999,1,27,20,5.73,
1999-01-27,1999,1,27,40,4.55,
1999-01-27,1999,1,27,60,2.51,
1999-01-27,1999,1,27,80,1.26,
1999-01-27,1999,1,27,100,0.37,
1999-01-27,1999,1,27,120,0.5,
1999-01-27,1999,1,27,140,0.1,
1999-02-12,1999,2,12,1,10.45,
1999-02-12,1999,2,12,20,10.6,
1999-02-12,1999,2,12,40,7.97,
1999-02-12,1999,2,12,60,2.79,
1999-02-12,1999,2,12,80,0.38,
1999-02-12,1999,2,12,100,0.0,
1999-02-12,1999,2,12,120,0.0,
1999-02-12,1999,2,12,140,0.01,
1999-02-24,1999,2,24,1,15.24,
1999-02-24,1999,2,24,20,13.09,
1999-02-24,1999,2,24,40,7.45,
1999-02-24,1999,2,24,60,2.77,
1999-02-24,1999,2,24,80,1.19,
1999-02-24,1999,2,24,100,0.4,
1999-02-24,1999,2,24,120,0.18,
1999-02-24,1999,2,24,140,0.0,
1999-03-23,1999,3,23,1,8.56,
1999-03-23,1999,3,23,20,9.47,
1999-03-23,1999,3,23,40,5.91,
1999-03-23,1999,3,23,60,1.57,
1999-03-23,1999,3,23,80,0.36,
1999-03-23,1999,3,23,100,0.05,
1999-03-23,1999,3,23,120,0.05,
1999-03-23,1999,3,23,140,0.01,
1999-04-07,1999,4,7,1,10.97,
1999-04-07,1999,4,7,20,16.21,
1999-04-07,1999,4,7,40,7.95,
1999-04-07,1999,4,7,60,3.05,
1999-04-07,1999,4,7,80,1.11,
1999-04-07,1999,4,7,100,0.36,
1999-04-07,1999,4,7,120,0.1,
1999-04-07,1999,4,7,140,0.01,
1999-05-04,1999,5,4,1,5.63,
1999-05-04,1999,5,4,20,3.89,
1999-05-04,1999,5,4,40,3.65,
1999-05-04,1999,5,4,60,3.26,
1999-05-04,1999,5,4,80,5.89,
1999-05-04,1999,5,4,100,1.77,
1999-05-04,1999,5,4,120,0.41,
1999-05-04,1999,5,4,140,0.15,
1999-06-01,1999,6,1,1,4.97,
1999-06-01,1999,6,1,20,2.75,
1999-06-01,1999,6,1,40,4.48,
1999-06-01,1999,6,1,60,5.39,
1999-06-01,1999,6,1,80,3.24,
1999-06-01,1999,6,1,100,2.47,
1999-06-01,1999,6,1,120,0.51,
1999-06-01,1999,6,1,140,0.09,
1999-07-06,1999,7,6,1,5.63,
1999-07-06,1999,7,6,20,0.17,
1999-07-06,1999,7,6,40,4.05,
1999-07-06,1999,7,6,60,4.5,
1999-07-06,1999,7,6,80,6.26,
1999-07-06,1999,7,6,100,4.42,
1999-07-06,1999,7,6,120,1.94,
1999-07-06,1999,7,6,140,0.18,
1999-08-03,1999,8,3,1,6.26,
1999-08-03,1999,8,3,20,6.3,
1999-08-03,1999,8,3,40,5.1,
1999-08-03,1999,8,3,60,5.92,
1999-08-03,1999,8,3,80,4.92,
1999-08-03,1999,8,3,100,3.25,
1999-08-03,1999,8,3,120,1.35,
1999-08-03,1999,8,3,140,0.58,
1999-09-15,1999,9,15,1,3.85,
1999-09-15,1999,9,15,20,4.45,
1999-09-15,1999,9,15,40,2.44,
1999-09-15,1999,9,15,60,3.22,
1999-09-15,1999,9,15,80,2.57,
1999-09-15,1999,9,15,100,2.47,
1999-09-15,1999,9,15,120,1.05,
1999-09-15,1999,9,15,140,0.29,
1999-10-12,1999,10,12,1,5.18,
1999-10-12,1999,10,12,20,4.98,
1999-10-12,1999,10,12,40,3.93,
1999-10-12,1999,10,12,60,4.41,
1999-10-12,1999,10,12,80,4.3,
1999-10-12,1999,10,12,100,2.14,
1999-10-12,1999,10,12,120,0.56,
1999-10-12,1999,10,12,140,0.12,
1999-11-10,1999,11,10,1,5.87,
1999-11-10,1999,11,10,20,5.38,
1999-11-10,1999,11,10,40,4.7,
1999-11-10,1999,11,10,60,3.4,
1999-11-10,1999,11,10,80,2.82,
1999-11-10,1999,11,10,100,1.91,
1999-11-10,1999,11,10,120,0.57,
1999-11-10,1999,11,10,140,0.2,
1999-12-09,1999,12,9,1,3.84,
1999-12-09,1999,12,9,20,3.85,
1999-12-09,1999,12,9,40,3.42,
1999-12-09,1999,12,9,60,2.36,
1999-12-09,1999,12,9,80,1.14,
1999-12-09,1999,12,9,100,0.78,
1999-12-09,1999,12,9,120,0.31,
1999-12-09,1999,12,9,140,0.07,
2000-01-29,2000,1,29,1,5.96,
2000-01-29,2000,1,29,20,6.76,
2000-01-29,2000,1,29,40,4.25,
2000-01-29,2000,1,29,60,2.07,
2000-01-29,2000,1,29,80,1.26,
2000-01-29,2000,1,29,100,0.41,
2000-01-29,2000,1,29,120,0.09,
2000-01-29,2000,1,29,140,0.0,
2000-02-15,2000,2,15,1,8.76,
2000-02-15,2000,2,15,20,10.4,
2000-02-15,2000,2,15,40,5.71,
2000-02-15,2000,2,15,60,2.51,
2000-02-15,2000,2,15,80,0.61,
2000-02-15,2000,2,15,100,0.19,
2000-02-15,2000,2,15,120,0.07,
2000-02-15,2000,2,15,140,0.0,
2000-03-14,2000,3,14,1,16.94,
2000-03-14,2000,3,14,20,10.51,
2000-03-14,2000,3,14,40,10.74,
2000-03-14,2000,3,14,60,4.55,
2000-03-14,2000,3,14,80,1.44,
2000-03-14,2000,3,14,100,0.49,
2000-03-14,2000,3,14,120,0.24,
2000-03-14,2000,3,14,140,0.0,
2000-04-11,2000,4,11,1,7.74,
2000-04-11,2000,4,11,20,9.52,
2000-04-11,2000,4,11,40,5.56,
2000-04-11,2000,4,11,60,3.43,
2000-04-11,2000,4,11,80,1.03,
2000-04-11,2000,4,11,100,0.29,
2000-05-10,2000,5,10,1,5.8,
2000-05-10,2000,5,10,20,4.2,
2000-05-10,2000,5,10,40,4.63,
2000-05-10,2000,5,10,60,5.15,
2000-05-10,2000,5,10,80,6.18,
2000-05-10,2000,5,10,100,1.73,
2000-05-10,2000,5,10,120,0.35,
2000-05-10,2000,5,10,140,0.07,
2000-06-06,2000,6,6,1,4.8,
2000-06-06,2000,6,6,20,4.28,
2000-06-06,2000,6,6,40,4.18,
2000-06-06,2000,6,6,60,4.02,
2000-06-06,2000,6,6,80,3.51,
2000-06-06,2000,6,6,100,2.42,
2000-06-06,2000,6,6,120,1.53,
2000-06-06,2000,6,6,140,0.3,
2000-07-11,2000,7,11,1,6.17,
2000-07-11,2000,7,11,20,6.5,
2000-07-11,2000,7,11,40,5.69,
2000-07-11,2000,7,11,60,4.97,
2000-07-11,2000,7,11,80,4.72,
2000-07-11,2000,7,11,100,2.92,
2000-07-11,2000,7,11,120,0.59,
2000-07-11,2000,7,11,140,0.08,
2000-08-08,2000,8,8,1,6.13,
2000-08-08,2000,8,8,20,5.28,
2000-08-08,2000,8,8,40,4.7,
2000-08-08,2000,8,8,60,4.97,
2000-08-08,2000,8,8,80,7.88,
2000-08-08,2000,8,8,100,3.82,
2000-08-08,2000,8,8,120,0.43,
2000-08-08,2000,8,8,140,0.07,
2000-09-13,2000,9,13,1,2.66,
2000-09-13,2000,9,13,20,3.55,
2000-09-13,2000,9,13,40,2.86,
2000-09-13,2000,9,13,60,2.47,
2000-09-13,2000,9,13,80,2.42,
2000-09-13,2000,9,13,100,1.86,
2000-09-13,2000,9,13,120,0.6,
2000-09-13,2000,9,13,140,0.09,
2000-12-12,2000,12,12,1,5.05,
2000-12-12,2000,12,12,20,5.35,
2000-12-12,2000,12,12,40,4.72,
2000-12-12,2000,12,12,60,3.14,
2000-12-12,2000,12,12,80,1.59,
2000-12-12,2000,12,12,100,1.08,
2000-12-12,2000,12,12,120,0.46,
2000-12-12,2000,12,12,140,0.09,
2001-01-30,2001,1,30,1,9.18,
2001-01-30,2001,1,30,20,10.24,
2001-01-30,2001,1,30,40,6.42,
2001-01-30,2001,1,30,60,3.26,
2001-01-30,2001,1,30,80,1.99,
2001-01-30,2001,1,30,100,0.69,
2001-01-30,2001,1,30,120,0.12,
2001-01-30,2001,1,30,140,0.0,
2001-02-20,2001,2,20,20,2.35,
2001-02-20,2001,2,20,40,11.77,
2001-02-20,2001,2,20,60,5.97,
2001-02-20,2001,2,20,80,2.55,
2001-02-20,2001,2,20,100,1.0,
2001-02-20,2001,2,20,120,0.05,
2001-02-20,2001,2,20,140,0.08,
2001-03-20,2001,3,20,1,2.92,
2001-03-20,2001,3,20,20,10.02,
2001-03-20,2001,3,20,40,5.99,
2001-03-20,2001,3,20,60,3.8,
2001-03-20,2001,3,20,80,1.7,
2001-03-20,2001,3,20,100,0.67,
2001-03-20,2001,3,20,120,0.28,
2001-03-20,2001,3,20,140,0.13,
2001-04-18,2001,4,18,1,2.09,
2001-04-18,2001,4,18,20,1.17,
2001-04-18,2001,4,18,40,3.57,
2001-04-18,2001,4,18,60,2.45,
2001-04-18,2001,4,18,80,0.89,
2001-04-18,2001,4,18,100,1.2,
2001-04-18,2001,4,18,120,0.32,
2001-04-18,2001,4,18,140,0.03,
2001-05-15,2001,5,15,1,3.72,
2001-05-15,2001,5,15,20,10.47,
2001-05-15,2001,5,15,40,1.88,
2001-05-15,2001,5,15,60,6.49,
2001-05-15,2001,5,15,80,4.72,
2001-05-15,2001,5,15,100,1.37,
2001-05-15,2001,5,15,120,0.62,
2001-05-15,2001,5,15,140,0.4,
2001-06-05,2001,6,5,1,2.53,
2001-06-05,2001,6,5,20,4.53,
2001-06-05,2001,6,5,40,6.02,
2001-06-05,2001,6,5,60,6.55,
2001-06-05,2001,6,5,80,4.06,
2001-06-05,2001,6,5,100,3.34,
2001-06-05,2001,6,5,120,1.63,
2001-06-05,2001,6,5,140,1.8,
2001-07-18,2001,7,18,1,7.58,
2001-07-18,2001,7,18,20,2.68,
2001-07-18,2001,7,18,40,6.29,
2001-07-18,2001,7,18,60,5.04,
2001-07-18,2001,7,18,80,3.79,
2001-07-18,2001,7,18,100,2.96,
2001-07-18,2001,7,18,120,0.68,
2001-07-18,2001,7,18,140,0.19,
2001-08-07,2001,8,7,1,4.84,
2001-08-07,2001,8,7,20,3.85,
2001-08-07,2001,8,7,40,4.23,
2001-08-07,2001,8,7,60,4.85,
2001-08-07,2001,8,7,80,3.76,
2001-08-07,2001,8,7,100,1.81,
2001-08-07,2001,8,7,120,0.61,
2001-08-07,2001,8,7,140,0.2,
2001-09-12,2001,9,12,1,4.26,
2001-09-12,2001,9,12,20,2.6,
2001-09-12,2001,9,12,40,6.48,
2001-09-12,2001,9,12,60,4.69,
2001-09-12,2001,9,12,80,3.33,
2001-09-12,2001,9,12,100,2.27,
2001-09-12,2001,9,12,120,0.79,
2001-09-12,2001,9,12,140,0.03,
2001-11-09,2001,11,9,1,6.19,
2001-11-09,2001,11,9,20,12.28,
2001-11-09,2001,11,9,40,7.85,
2001-11-09,2001,11,9,60,6.87,
2001-11-09,2001,11,9,80,5.62,
2001-11-09,2001,11,9,100,2.57,
2001-11-09,2001,11,9,120,0.71,
2001-11-09,2001,11,9,140,0.22,
2001-12-11,2001,12,11,1,10.87,
2001-12-11,2001,12,11,20,10.51,
2001-12-11,2001,12,11,40,7.13,
2001-12-11,2001,12,11,60,5.1,
2001-12-11,2001,12,11,80,1.41,
2001-12-11,2001,12,11,100,1.47,
2001-12-11,2001,12,11,120,0.32,
2002-02-13,2002,2,13,1,14.36,
2002-02-13,2002,2,13,40,14.24,
2002-02-13,2002,2,13,60,5.62,
2002-02-13,2002,2,13,80,1.3,
2002-02-13,2002,2,13,100,0.4,
2002-02-13,2002,2,13,120,0.11,
2002-02-13,2002,2,13,140,0.03,
2002-02-27,2002,2,27,1,13.86,
2002-02-27,2002,2,27,20,15.74,
2002-02-27,2002,2,27,40,12.24,
2002-02-27,2002,2,27,60,4.98,
2002-02-27,2002,2,27,80,1.7,
2002-02-27,2002,2,27,100,0.7,
2002-02-27,2002,2,27,120,0.3,
2002-02-27,2002,2,27,140,0.08,
2002-03-07,2002,3,7,1,10.08,
2002-03-07,2002,3,7,20,11.91,
2002-03-07,2002,3,7,40,8.04,
2002-03-07,2002,3,7,60,5.01,
2002-03-07,2002,3,7,80,1.88,
2002-03-07,2002,3,7,100,0.78,
2002-03-07,2002,3,7,120,0.26,
2002-03-07,2002,3,7,140,0.08,
2002-03-19,2002,3,19,1,10.26,
2002-03-19,2002,3,19,20,12.46,
2002-03-19,2002,3,19,40,7.01,
2002-03-19,2002,3,19,60,9.9,
2002-03-19,2002,3,19,80,0.51,
2002-03-19,2002,3,19,100,1.36,
2002-03-19,2002,3,19,120,0.4,
2002-03-19,2002,3,19,140,0.12,
2002-04-16,2002,4,16,1,3.57,
2002-04-16,2002,4,16,20,3.64,
2002-04-16,2002,4,16,40,2.98,
2002-04-16,2002,4,16,60,2.49,
2002-04-16,2002,4,16,80,1.93,
2002-04-16,2002,4,16,100,1.88,
2002-04-16,2002,4,16,120,1.7,
2002-04-16,2002,4,16,140,0.41,
2002-05-13,2002,5,13,1,4.97,
2002-05-13,2002,5,13,20,4.76,
2002-05-13,2002,5,13,40,4.86,
2002-05-13,2002,5,13,60,6.43,
2002-05-13,2002,5,13,80,4.46,
2002-05-13,2002,5,13,100,1.23,
2002-05-13,2002,5,13,120,0.03,
2002-05-13,2002,5,13,140,0.03,
2002-06-04,2002,6,4,1,6.58,
2002-06-04,2002,6,4,20,5.12,
2002-06-04,2002,6,4,40,5.57,
2002-06-04,2002,6,4,60,6.25,
2002-06-04,2002,6,4,80,4.86,
2002-06-04,2002,6,4,100,3.08,
2002-06-04,2002,6,4,120,0.83,
2002-06-04,2002,6,4,140,0.16,
2002-07-02,2002,7,2,1,7.72,
2002-07-02,2002,7,2,20,7.63,
2002-07-02,2002,7,2,40,6.39,
2002-07-02,2002,7,2,60,4.75,
2002-07-02,2002,7,2,80,2.33,
2002-07-02,2002,7,2,100,2.36,
2002-07-02,2002,7,2,120,1.56,
2002-07-02,2002,7,2,140,0.63,
2002-09-17,2002,9,17,1,6.58,
2002-09-17,2002,9,17,20,6.35,
2002-09-17,2002,9,17,40,6.98,
2002-09-17,2002,9,17,60,5.9,
2002-09-17,2002,9,17,80,8.42,
2002-09-17,2002,9,17,100,1.36,
2002-09-17,2002,9,17,120,0.73,
2002-09-17,2002,9,17,140,0.17,
2002-10-08,2002,10,8,1,5.76,
2002-10-08,2002,10,8,20,6.18,
2002-10-08,2002,10,8,40,5.74,
2002-10-08,2002,10,8,60,4.98,
2002-10-08,2002,10,8,80,3.31,
2002-10-08,2002,10,8,100,1.45,
2002-10-08,2002,10,8,120,0.83,
2002-10-08,2002,10,8,140,0.22,
2002-11-13,2002,11,13,1,7.84,
2002-11-13,2002,11,13,20,8.2,
2002-11-13,2002,11,13,40,4.75,
2002-11-13,2002,11,13,60,5.51,
2002-11-13,2002,11,13,80,3.63,
2002-11-13,2002,11,13,100,2.9,
2002-11-13,2002,11,13,120,0.58,
2002-11-13,2002,11,13,140,0.04,
2002-12-10,2002,12,10,1,6.88,
2002-12-10,2002,12,10,20,7.0,
2002-12-10,2002,12,10,40,3.82,
2002-12-10,2002,12,10,60,2.63,
2002-12-10,2002,12,10,80,1.1,
2002-12-10,2002,12,10,100,0.48,
2002-12-10,2002,12,10,120,0.36,
2002-12-10,2002,12,10,140,0.0,
2003-02-04,2003,2,4,1,12.95,
2003-02-04,2003,2,4,20,12.57,
2003-02-04,2003,2,4,40,7.93,
2003-02-04,2003,2,4,60,4.95,
2003-02-04,2003,2,4,80,2.14,
2003-02-04,2003,2,4,100,0.7,
2003-02-04,2003,2,4,120,0.07,
2003-02-04,2003,2,4,140,0.08,
2003-02-21,2003,2,21,1,6.99,
2003-02-21,2003,2,21,20,7.02,
2003-02-21,2003,2,21,40,5.78,
2003-02-21,2003,2,21,60,2.64,
2003-02-21,2003,2,21,80,0.76,
2003-02-21,2003,2,21,100,0.28,
2003-02-21,2003,2,21,120,0.23,
2003-02-21,2003,2,21,140,0.11,
2003-03-04,2003,3,4,40,7.37,
2003-03-04,2003,3,4,60,3.17,
2003-03-04,2003,3,4,80,0.72,
2003-03-04,2003,3,4,100,0.63,
2003-03-04,2003,3,4,120,0.24,
2003-03-04,2003,3,4,140,0.2,
2003-03-21,2003,3,21,1,11.67,
2003-03-21,2003,3,21,20,13.82,
2003-03-21,2003,3,21,40,10.96,
2003-03-21,2003,3,21,60,7.0,
2003-03-21,2003,3,21,80,2.88,
2003-03-21,2003,3,21,100,1.07,
2003-03-21,2003,3,21,120,0.39,
2003-03-21,2003,3,21,140,0.0,
2003-04-02,2003,4,2,1,5.56,
2003-04-02,2003,4,2,20,6.17,
2003-04-02,2003,4,2,40,6.48,
2003-04-02,2003,4,2,60,5.21,
2003-04-02,2003,4,2,80,3.41,
2003-04-02,2003,4,2,100,3.13,
2003-04-02,2003,4,2,120,0.36,
2003-04-02,2003,4,2,140,0.1,
2003-04-03,2003,4,3,1,14.36,
2003-04-03,2003,4,3,20,16.99,
2003-04-03,2003,4,3,40,16.22,
2003-04-03,2003,4,3,60,17.18,
2003-04-03,2003,4,3,80,3.31,
2003-04-03,2003,4,3,100,0.74,
2003-04-03,2003,4,3,120,0.3,
2003-04-03,2003,4,3,140,0.27,
2003-05-20,2003,5,20,1,5.56,
2003-05-20,2003,5,20,20,6.17,
2003-05-20,2003,5,20,40,6.48,
2003-05-20,2003,5,20,60,5.21,
2003-05-20,2003,5,20,80,3.41,
2003-05-20,2003,5,20,100,3.13,
2003-05-20,2003,5,20,120,0.36,
2003-05-20,2003,5,20,140,0.1,
2003-07-04,2003,7,4,1,4.56,
2003-07-04,2003,7,4,20,6.01,
2003-07-04,2003,7,4,40,6.52,
2003-07-04,2003,7,4,60,5.97,
2003-07-04,2003,7,4,80,4.14,
2003-07-04,2003,7,4,100,3.89,
2003-07-04,2003,7,4,120,1.2,
2003-07-04,2003,7,4,140,0.15,
2003-07-15,2003,7,15,1,6.49,
2003-07-15,2003,7,15,20,6.08,
2003-07-15,2003,7,15,40,7.12,
2003-07-15,2003,7,15,60,5.69,
2003-07-15,2003,7,15,80,3.53,
2003-07-15,2003,7,15,100,1.36,
2003-07-15,2003,7,15,120,1.01,
2003-07-15,2003,7,15,140,0.44,
2003-08-12,2003,8,12,1,4.45,
2003-08-12,2003,8,12,20,6.14,
2003-08-12,2003,8,12,40,5.33,
2003-08-12,2003,8,12,60,4.83,
2003-08-12,2003,8,12,80,3.12,
2003-08-12,2003,8,12,100,1.53,
2003-08-12,2003,8,12,120,1.08,
2003-08-12,2003,8,12,140,1.11,
2003-09-19,2003,9,19,1,7.28,
2003-09-19,2003,9,19,20,5.87,
2003-09-19,2003,9,19,40,5.56,
2003-09-19,2003,9,19,60,7.24,
2003-09-19,2003,9,19,80,6.28,
2003-09-19,2003,9,19,100,1.92,
2003-09-19,2003,9,19,120,0.39,
2003-09-19,2003,9,19,140,0.08,
2003-11-04,2003,11,4,1,5.8,
2003-11-04,2003,11,4,20,6.14,
2003-11-04,2003,11,4,40,4.73,
2003-11-04,2003,11,4,60,3.46,
2003-11-04,2003,11,4,80,4.37,
2003-11-04,2003,11,4,100,0.74,
2003-11-04,2003,11,4,120,0.21,
2003-11-04,2003,11,4,140,0.0,
2003-12-02,2003,12,2,1,4.6,
2003-12-02,2003,12,2,20,5.38,
2003-12-02,2003,12,2,40,4.05,
2003-12-02,2003,12,2,60,3.13,
2003-12-02,2003,12,2,80,2.14,
2003-12-02,2003,12,2,100,1.75,
2003-12-02,2003,12,2,120,0.36,
2003-12-02,2003,12,2,140,0.0,
2004-01-27,2004,1,27,1,15.92,
2004-01-27,2004,1,27,20,14.52,
2004-01-27,2004,1,27,40,8.31,
2004-01-27,2004,1,27,60,3.09,
2004-01-27,2004,1,27,80,0.97,
2004-01-27,2004,1,27,100,0.12,
2004-01-27,2004,1,27,120,0.0,
2004-01-27,2004,1,27,140,0.0,
2004-03-10,2004,3,10,1,8.61,
2004-03-10,2004,3,10,20,1.34,
2004-03-10,2004,3,10,40,2.24,
2004-03-10,2004,3,10,60,1.21,
2004-03-10,2004,3,10,80,0.45,
2004-03-10,2004,3,10,100,0.35,
2004-03-10,2004,3,10,120,0.16,
2004-03-10,2004,3,10,140,0.12,
2004-04-07,2004,4,7,140,0.05,
2004-04-21,2004,4,21,140,0.18,
2004-06-15,2004,6,15,1,5.74,
2004-06-15,2004,6,15,20,5.94,
2004-06-15,2004,6,15,40,5.86,
2004-06-15,2004,6,15,60,3.81,
2004-06-15,2004,6,15,80,2.65,
2004-06-15,2004,6,15,100,0.1,
2004-06-15,2004,6,15,120,1.37,
2004-06-15,2004,6,15,140,0.63,
2004-07-14,2004,7,14,1,0.7,
2004-07-14,2004,7,14,20,4.95,
2004-07-14,2004,7,14,40,3.03,
2004-07-14,2004,7,14,60,1.46,
2004-07-14,2004,7,14,80,2.23,
2004-07-14,2004,7,14,100,1.23,
2004-07-14,2004,7,14,120,1.15,
2004-07-14,2004,7,14,140,0.39,
2004-08-17,2004,8,17,1,3.44,
2004-08-17,2004,8,17,20,4.35,
2004-08-17,2004,8,17,40,4.91,
2004-08-17,2004,8,17,60,2.0,
2004-08-17,2004,8,17,80,3.66,
2004-08-17,2004,8,17,100,2.47,
2004-08-17,2004,8,17,120,1.95,
2004-08-17,2004,8,17,140,0.65,
2004-09-14,2004,9,14,1,5.22,
2004-09-14,2004,9,14,20,5.33,
2004-09-14,2004,9,14,40,5.04,
2004-09-14,2004,9,14,60,3.7,
2004-09-14,2004,9,14,80,2.96,
2004-09-14,2004,9,14,100,2.47,
2004-09-14,2004,9,14,120,0.59,
2004-09-14,2004,9,14,140,0.12,
2007-08-17,2007,8,17,1,4.28,
2007-08-17,2007,8,17,100,0.79,
2007-08-17,2007,8,17,120,1.15,
2007-08-17,2007,8,17,140,0.09,
2007-08-17,2007,8,17,20,5.32,
2007-08-17,2007,8,17,40,3.38,
2007-08-17,2007,8,17,60,3.21,
2007-08-17,2007,8,17,80,2.41,
2007-09-08,2007,9,8,1,7.09,
2007-09-08,2007,9,8,20,6.77,
2007-09-08,2007,9,8,40,8.18,
2007-09-08,2007,9,8,60,6.74,
2007-09-08,2007,9,8,80,2.67,
2007-09-08,2007,9,8,100,1.37,
2007-09-08,2007,9,8,120,0.3,
2007-09-08,2007,9,8,140,0.12,
2007-10-06,2007,10,6,1,5.63,
2007-10-06,2007,10,6,40,5.08,
2007-10-06,2007,10,6,60,6.06,
2007-10-06,2007,10,6,80,0.6,
2007-10-06,2007,10,6,100,0.46,
2007-10-06,2007,10,6,120,0.39,
2007-10-06,2007,10,6,140,0.12,
2007-11-14,2007,11,14,1,5.13,
2007-11-14,2007,11,14,20,5.6,
2007-11-14,2007,11,14,40,4.15,
2007-11-14,2007,11,14,60,2.2,
2007-11-14,2007,11,14,80,1.96,
2007-11-14,2007,11,14,100,0.3,
2007-11-14,2007,11,14,120,0.06,
2007-11-14,2007,11,14,140,0.06,
2007-12-06,2007,12,6,80,0.65,
2007-12-06,2007,12,6,100,0.2,
2007-12-06,2007,12,6,120,0.02,
2007-12-06,2007,12,6,140,0.14,
2007-12-06,2007,12,6,1,4.82,
2007-12-06,2007,12,6,20,4.68,
2007-12-06,2007,12,6,40,3.37,
2007-12-06,2007,12,6,60,1.75,
2008-01-17,2008,1,17,1,13.61,
2008-01-17,2008,1,17,20,11.45,
2008-01-17,2008,1,17,40,5.86,
2008-01-17,2008,1,17,60,2.09,
2008-01-17,2008,1,17,80,0.42,
2008-01-17,2008,1,17,100,0.1,
2008-01-17,2008,1,17,120,0.0,
2008-01-17,2008,1,17,140,0.0,
2008-02-12,2008,2,12,1,5.18,
2008-02-12,2008,2,12,20,5.99,
2008-02-12,2008,2,12,40,4.83,
2008-02-12,2008,2,12,60,2.58,
2008-02-12,2008,2,12,80,1.45,
2008-02-12,2008,2,12,100,0.72,
2008-02-12,2008,2,12,120,0.32,
2008-02-12,2008,2,12,140,0.0,
2008-02-23,2008,2,23,1,1.87,
2008-02-23,2008,2,23,20,4.08,
2008-02-23,2008,2,23,40,3.71,
2008-02-23,2008,2,23,60,3.58,
2008-02-23,2008,2,23,80,1.8,
2008-02-23,2008,2,23,100,0.75,
2008-02-23,2008,2,23,120,0.35,
2008-02-23,2008,2,23,140,0.25,
2008-03-13,2008,3,13,1,4.19,
2008-03-13,2008,3,13,20,4.81,
2008-03-13,2008,3,13,40,3.35,
2008-03-13,2008,3,13,60,2.65,
2008-03-13,2008,3,13,80,1.41,
2008-03-13,2008,3,13,100,3.35,
2008-03-13,2008,3,13,120,0.25,
2008-03-13,2008,3,13,140,0.14,
2008-03-25,2008,3,25,1,11.67,
2008-03-25,2008,3,25,20,10.86,
2008-03-25,2008,3,25,40,7.56,
2008-03-25,2008,3,25,60,2.06,
2008-03-25,2008,3,25,80,0.55,
2008-03-25,2008,3,25,100,0.12,
2008-03-25,2008,3,25,120,0.02,
2008-03-25,2008,3,25,140,0.0,
2008-04-15,2008,4,15,1,2.61,
2008-04-15,2008,4,15,20,1.84,
2008-04-15,2008,4,15,40,0.61,
2008-04-15,2008,4,15,60,1.12,
2008-04-15,2008,4,15,80,0.66,
2008-04-15,2008,4,15,100,0.55,
2008-04-15,2008,4,15,120,0.4,
2008-05-30,2008,5,30,20,9.46,
2008-05-30,2008,5,30,1,6.73,
2008-05-30,2008,5,30,40,4.17,
2008-05-30,2008,5,30,60,5.45,
2008-05-30,2008,5,30,80,3.07,
2008-05-30,2008,5,30,100,0.86,
2008-05-30,2008,5,30,120,0.19,
2008-05-30,2008,5,30,140,0.0,
2008-06-22,2008,6,22,1,6.65,
2008-06-22,2008,6,22,20,7.19,
2008-06-22,2008,6,22,40,4.91,
2008-06-22,2008,6,22,60,4.42,
2008-06-22,2008,6,22,80,3.43,
2008-06-22,2008,6,22,100,2.22,
2008-06-22,2008,6,22,120,1.38,
2008-06-22,2008,6,22,140,0.69,
2008-08-14,2008,8,14,1,4.31,
2008-08-14,2008,8,14,20,5.22,
2008-08-14,2008,8,14,40,4.66,
2008-08-14,2008,8,14,60,6.13,
2008-08-14,2008,8,14,80,4.07,
2008-08-14,2008,8,14,100,0.83,
2008-08-14,2008,8,14,120,0.15,
2008-08-14,2008,8,14,140,0.04,
2008-09-12,2008,9,12,1,3.9,
2008-09-12,2008,9,12,20,3.59,
2008-09-12,2008,9,12,40,4.17,
2008-09-12,2008,9,12,60,2.95,
2008-09-12,2008,9,12,80,4.18,
2008-09-12,2008,9,12,100,2.06,
2008-09-12,2008,9,12,120,0.52,
2009-08-15,2009,8,15,1,5.64,
2009-08-15,2009,8,15,20,3.67,
2009-08-15,2009,8,15,40,4.19,
2009-08-15,2009,8,15,60,4.53,
2009-08-15,2009,8,15,80,4.4,
2009-08-15,2009,8,15,100,1.71,
2009-08-15,2009,8,15,120,0.31,
2009-08-15,2009,8,15,140,0.05,
2009-11-08,2009,11,8,1,1.95,
2009-11-08,2009,11,8,20,2.38,
2009-11-08,2009,11,8,40,2.74,
2009-11-08,2009,11,8,60,1.47,
2009-11-08,2009,11,8,80,1.76,
2009-11-08,2009,11,8,100,1.15,
2009-11-08,2009,11,8,120,0.15,
2009-11-08,2009,11,8,140,0.0,
2009-12-09,2009,12,9,1,4.32,
2009-12-09,2009,12,9,20,5.61,
2009-12-09,2009,12,9,40,4.28,
2009-12-09,2009,12,9,60,2.53,
2009-12-09,2009,12,9,80,0.49,
2009-12-09,2009,12,9,100,0.52,
2009-12-09,2009,12,9,120,0.0,
2009-12-09,2009,12,9,140,0.0,
2010-02-24,2010,2,24,40,17.02,
2010-02-24,2010,2,24,80,3.29,
2010-02-24,2010,2,24,120,0.44,
2010-02-24,2010,2,24,140,0.06,
2010-03-25,2010,3,25,40,8.59,
2010-03-25,2010,3,25,60,2.12,
2010-03-25,2010,3,25,80,0.75,
2010-03-25,2010,3,25,100,1.51,
2010-03-25,2010,3,25,120,0.09,
2010-03-25,2010,3,25,140,0.42,
2010-04-07,2010,4,7,40,13.1,
2010-04-07,2010,4,7,60,2.0,
2010-04-07,2010,4,7,80,0.0,
2010-04-07,2010,4,7,100,0.17,
2010-04-07,2010,4,7,120,0.0,
2010-04-07,2010,4,7,140,0.09,
2010-04-22,2010,4,22,1,2.45,
2010-04-22,2010,4,22,20,2.83,
2010-04-22,2010,4,22,40,4.06,
2010-04-22,2010,4,22,60,3.77,
2010-04-22,2010,4,22,80,6.21,
2010-04-22,2010,4,22,100,0.97,
2010-04-22,2010,4,22,120,0.24,
2010-04-22,2010,4,22,140,0.07,
2010-05-14,2010,5,14,1,9.73,
2010-05-14,2010,5,14,20,9.39,
2010-05-14,2010,5,14,40,5.84,
2010-05-14,2010,5,14,60,3.29,
2010-05-14,2010,5,14,80,2.74,
2010-05-14,2010,5,14,100,0.36,
2010-06-23,2010,6,23,1,9.17,
2010-06-23,2010,6,23,20,7.78,
2010-06-23,2010,6,23,40,6.42,
2010-06-23,2010,6,23,60,5.23,
2010-06-23,2010,6,23,80,4.79,
2010-06-23,2010,6,23,100,0.75,
2010-06-23,2010,6,23,120,0.06,
2010-07-24,2010,7,24,1,3.9,
2010-07-24,2010,7,24,20,4.06,
2010-07-24,2010,7,24,40,4.21,
2010-07-24,2010,7,24,60,3.79,
2010-07-24,2010,7,24,80,2.66,
2010-07-24,2010,7,24,100,2.09,
2010-07-24,2010,7,24,120,0.59,
2010-07-24,2010,7,24,140,0.12,
2010-08-21,2010,8,21,1,4.92,
2010-08-21,2010,8,21,20,6.22,
2010-08-21,2010,8,21,40,4.96,
2010-08-21,2010,8,21,60,4.62,
2010-08-21,2010,8,21,80,5.72,
2010-08-21,2010,8,21,100,1.39,
2010-08-21,2010,8,21,120,0.23,
2010-08-21,2010,8,21,140,0.14,
2010-09-06,2010,9,6,1,0.0,
2010-09-06,2010,9,6,20,4.73,
2010-09-06,2010,9,6,40,2.94,
2010-09-06,2010,9,6,60,6.33,
2010-09-06,2010,9,6,80,4.02,
2010-09-06,2010,9,6,100,0.48,
2010-09-06,2010,9,6,120,0.06,
2010-10-07,2010,10,7,1,2.37,
2010-10-07,2010,10,7,20,2.08,
2010-10-07,2010,10,7,40,0.46,
2010-10-07,2010,10,7,60,4.3,
2010-10-07,2010,10,7,80,4.7,
2010-10-07,2010,10,7,100,1.36,
2010-10-07,2010,10,7,120,0.22,
2010-10-07,2010,10,7,140,0.13,
2010-11-11,2010,11,11,1,4.62,
2010-11-11,2010,11,11,20,2.45,
2010-11-11,2010,11,11,40,2.22,
2010-11-11,2010,11,11,60,1.92,
2010-11-11,2010,11,11,80,0.43,
2010-11-11,2010,11,11,100,4.39,
2010-11-11,2010,11,11,120,0.01,
2010-11-11,2010,11,11,140,0.09,
2010-12-09,2010,12,9,1,4.36,
2010-12-09,2010,12,9,20,5.93,
2010-12-09,2010,12,9,40,3.12,
2010-12-09,2010,12,9,60,1.85,
2010-12-09,2010,12,9,80,0.0,
2010-12-09,2010,12,9,100,0.06,
2010-12-09,2010,12,9,120,0.95,
2010-12-09,2010,12,9,140,1.27,
2011-03-06,2011,3,6,1,15.71,
2011-03-06,2011,3,6,20,13.58,
2011-03-06,2011,3,6,40,6.03,
2011-03-06,2011,3,6,60,4.12,
2011-03-06,2011,3,6,80,1.31,
2011-03-06,2011,3,6,100,0.44,
2011-03-06,2011,3,6,120,0.13,
2011-03-06,2011,3,6,140,0.0,
2011-03-27,2011,3,27,1,16.25,
2011-03-27,2011,3,27,20,15.49,
2011-03-27,2011,3,27,40,16.41,
2011-03-27,2011,3,27,60,6.08,
2011-03-27,2011,3,27,80,2.01,
2011-03-27,2011,3,27,100,0.17,
2011-03-27,2011,3,27,120,0.08,
2011-03-27,2011,3,27,140,0.08,
2011-04-07,2011,4,7,1,9.2,
2011-04-07,2011,4,7,40,12.14,
2011-04-07,2011,4,7,60,4.52,
2011-04-07,2011,4,7,80,0.85,
2011-04-07,2011,4,7,100,0.03,
2011-04-07,2011,4,7,120,0.01,
2011-04-07,2011,4,7,140,0.0,
2011-04-27,2011,4,27,1,5.54,
2011-04-27,2011,4,27,20,4.02,
2011-04-27,2011,4,27,40,3.92,
2011-04-27,2011,4,27,60,8.04,
2011-04-27,2011,4,27,80,4.05,
2011-04-27,2011,4,27,100,4.1,
2011-04-27,2011,4,27,120,0.06,
2011-05-18,2011,5,18,1,2.83,
2011-05-18,2011,5,18,20,6.25,
2011-05-18,2011,5,18,40,4.61,
2011-05-18,2011,5,18,60,8.06,
2011-05-18,2011,5,18,80,1.64,
2011-05-18,2011,5,18,100,0.41,
2011-05-18,2011,5,18,120,0.0,
2011-05-18,2011,5,18,140,0.0,
2011-06-16,2011,6,16,1,4.66,
2011-06-16,2011,6,16,20,4.56,
2011-06-16,2011,6,16,40,6.86,
2011-06-16,2011,6,16,60,9.06,
2011-06-16,2011,6,16,80,2.73,
2011-06-16,2011,6,16,100,1.2,
2011-06-16,2011,6,16,120,0.18,
2011-06-16,2011,6,16,140,0.06,
2011-07-07,2011,7,7,1,1.97,
2011-07-07,2011,7,7,20,3.06,
2011-07-07,2011,7,7,40,4.88,
2011-07-07,2011,7,7,60,4.18,
2011-07-07,2011,7,7,80,2.35,
2011-07-07,2011,7,7,100,1.54,
2011-07-07,2011,7,7,120,0.31,
2011-08-19,2011,8,19,1,2.59,
2011-08-19,2011,8,19,20,3.13,
2011-08-19,2011,8,19,40,3.48,
2011-08-19,2011,8,19,60,3.46,
2011-08-19,2011,8,19,80,2.23,
2011-08-19,2011,8,19,100,1.03,
2011-08-19,2011,8,19,120,0.37,
2011-08-19,2011,8,19,140,0.0,
2011-09-13,2011,9,13,1,2.01,
2011-09-13,2011,9,13,20,1.98,
2011-09-13,2011,9,13,40,2.11,
2011-09-13,2011,9,13,60,1.14,
2011-09-13,2011,9,13,80,1.03,
2011-09-13,2011,9,13,100,0.76,
2011-09-13,2011,9,13,120,0.31,
2011-09-13,2011,9,13,140,0.05,
2011-11-01,2011,11,1,1,5.84,
2011-11-01,2011,11,1,20,6.95,
2011-11-01,2011,11,1,40,4.87,
2011-11-01,2011,11,1,60,3.43,
2011-11-01,2011,11,1,80,2.08,
2011-11-01,2011,11,1,100,0.74,
2011-11-01,2011,11,1,120,0.15,
2011-11-01,2011,11,1,140,0.0,
2011-11-18,2011,11,18,1,4.31,
2011-11-18,2011,11,18,20,4.54,
2011-11-18,2011,11,18,40,2.45,
2011-11-18,2011,11,18,60,0.96,
2011-11-18,2011,11,18,80,0.55,
2011-11-18,2011,11,18,100,0.2,
2011-11-18,2011,11,18,120,0.01,
2011-12-09,2011,12,9,1,5.55,
2011-12-09,2011,12,9,20,4.72,
2011-12-09,2011,12,9,40,4.18,
2011-12-09,2011,12,9,60,1.85,
2011-12-09,2011,12,9,80,0.65,
2011-12-09,2011,12,9,100,0.36,
2011-12-09,2011,12,9,120,0.09,
2011-12-09,2011,12,9,140,0.0,
2012-02-10,2012,2,10,1,5.25,
2012-02-10,2012,2,10,20,3.94,
2012-02-10,2012,2,10,40,2.85,
2012-02-10,2012,2,10,60,1.4,
2012-02-10,2012,2,10,80,0.25,
2012-02-10,2012,2,10,100,0.86,
2012-02-10,2012,2,10,120,0.08,
2012-03-29,2012,3,29,1,2.17,
2012-03-29,2012,3,29,20,3.96,
2012-03-29,2012,3,29,40,3.87,
2012-03-29,2012,3,29,60,2.8,
2012-03-29,2012,3,29,80,1.06,
2012-03-29,2012,3,29,100,0.75,
2012-03-29,2012,3,29,120,0.19,
2012-03-29,2012,3,29,140,0.0,
2012-04-12,2012,4,12,1,2.23,
2012-04-12,2012,4,12,20,3.21,
2012-04-12,2012,4,12,40,3.26,
2012-04-12,2012,4,12,60,3.02,
2012-04-12,2012,4,12,80,1.77,
2012-04-12,2012,4,12,100,0.94,
2012-04-12,2012,4,12,120,0.35,
2012-04-12,2012,4,12,140,0.13,
2012-04-26,2012,4,26,1,1.33,
2012-04-26,2012,4,26,20,1.87,
2012-04-26,2012,4,26,40,1.88,
2012-04-26,2012,4,26,60,1.4,
2012-04-26,2012,4,26,80,1.15,
2012-04-26,2012,4,26,100,1.5,
2012-04-26,2012,4,26,120,0.57,
2012-04-26,2012,4,26,140,0.21,
2012-05-20,2012,5,20,1,3.45,
2012-05-20,2012,5,20,20,6.25,
2012-05-20,2012,5,20,40,4.94,
2012-05-20,2012,5,20,60,8.77,
2012-05-20,2012,5,20,80,3.03,
2012-05-20,2012,5,20,100,0.38,
2012-05-20,2012,5,20,120,0.0,
2012-05-20,2012,5,20,140,0.08,
2012-06-19,2012,6,19,1,5.51,
2012-06-19,2012,6,19,20,3.7,
2012-06-19,2012,6,19,40,2.6,
2012-06-19,2012,6,19,60,5.14,
2012-06-19,2012,6,19,80,3.75,
2012-06-19,2012,6,19,100,0.99,
2012-06-19,2012,6,19,120,0.13,
2012-06-19,2012,6,19,140,0.01,
2012-07-13,2012,7,13,1,5.63,
2012-07-13,2012,7,13,20,2.31,
2012-07-13,2012,7,13,40,5.33,
2012-07-13,2012,7,13,60,4.32,
2012-07-13,2012,7,13,80,4.99,
2012-07-13,2012,7,13,100,1.52,
2012-07-13,2012,7,13,120,0.13,
2012-07-13,2012,7,13,140,0.0,
2012-08-21,2012,8,21,1,4.74,
2012-08-21,2012,8,21,20,3.58,
2012-08-21,2012,8,21,40,2.18,
2012-08-21,2012,8,21,60,2.78,
2012-08-21,2012,8,21,80,2.67,
2012-08-21,2012,8,21,100,2.12,
2012-08-21,2012,8,21,120,0.43,
2012-08-21,2012,8,21,140,0.1,
2012-09-13,2012,9,13,1,4.17,
2012-09-13,2012,9,13,20,3.33,
2012-09-13,2012,9,13,40,2.08,
2012-09-13,2012,9,13,60,1.55,
2012-09-13,2012,9,13,80,1.01,
2012-09-13,2012,9,13,100,0.68,
2012-09-13,2012,9,13,120,0.29,
2012-09-13,2012,9,13,140,0.43,
2012-10-20,2012,10,20,1,3.52,
2012-10-20,2012,10,20,20,2.66,
2012-10-20,2012,10,20,40,3.2,
2012-10-20,2012,10,20,60,3.24,
2012-10-20,2012,10,20,80,1.75,
2012-10-20,2012,10,20,100,0.6,
2012-10-20,2012,10,20,120,0.23,
2012-10-20,2012,10,20,140,0.18,
2012-11-15,2012,11,15,1,6.33,
2012-11-15,2012,11,15,20,7.7,
2012-11-15,2012,11,15,40,5.58,
2012-11-15,2012,11,15,60,1.59,
2012-11-15,2012,11,15,80,0.47,
2012-11-15,2012,11,15,100,0.18,
2012-11-15,2012,11,15,120,0.0,
2012-11-15,2012,11,15,140,0.0,
2012-12-12,2012,12,12,1,3.5,
2012-12-12,2012,12,12,20,4.38,
2012-12-12,2012,12,12,40,3.69,
2012-12-12,2012,12,12,60,3.12,
2012-12-12,2012,12,12,80,1.24,
2012-12-12,2012,12,12,100,0.0,
2012-12-12,2012,12,12,120,0.0,
2012-12-12,2012,12,12,140,0.17,
2013-01-23,2013,1,23,1,10.34,
2013-01-23,2013,1,23,20,9.24,
2013-01-23,2013,1,23,40,5.5,
2013-01-23,2013,1,23,60,2.26,
2013-01-23,2013,1,23,80,0.83,
2013-01-23,2013,1,23,100,0.17,
2013-01-23,2013,1,23,120,0.11,
2013-01-23,2013,1,23,140,0.01,
2013-02-13,2013,2,13,1,15.11,
2013-02-13,2013,2,13,20,14.9,
2013-02-13,2013,2,13,40,10.05,
2013-02-13,2013,2,13,60,4.13,
2013-02-13,2013,2,13,80,1.48,
2013-02-13,2013,2,13,100,0.32,
2013-02-13,2013,2,13,120,0.1,
2013-02-13,2013,2,13,140,0.39,
2013-04-07,2013,4,7,1,9.74,
2013-04-07,2013,4,7,20,9.95,
2013-04-07,2013,4,7,40,7.8,
2013-04-07,2013,4,7,60,4.5,
2013-04-07,2013,4,7,80,1.22,
2013-04-07,2013,4,7,100,0.24,
2013-04-07,2013,4,7,120,0.15,
2013-04-07,2013,4,7,140,0.03,
2013-04-24,2013,4,24,1,2.74,
2013-04-24,2013,4,24,20,2.6,
2013-04-24,2013,4,24,40,1.92,
2013-04-24,2013,4,24,60,1.62,
2013-04-24,2013,4,24,80,1.53,
2013-04-24,2013,4,24,100,1.22,
2013-04-24,2013,4,24,120,0.25,
2013-06-16,2013,6,16,1,4.47,
2013-06-16,2013,6,16,20,4.55,
2013-06-16,2013,6,16,40,5.88,
2013-06-16,2013,6,16,60,2.54,
2013-06-16,2013,6,16,80,4.23,
2013-06-16,2013,6,16,100,2.72,
2013-06-16,2013,6,16,120,0.52,
2013-06-16,2013,6,16,140,0.11,
2013-07-06,2013,7,6,1,2.2,
2013-07-06,2013,7,6,20,2.26,
2013-07-06,2013,7,6,40,2.15,
2013-07-06,2013,7,6,60,2.03,
2013-07-06,2013,7,6,80,1.66,
2013-07-06,2013,7,6,100,0.84,
2013-07-06,2013,7,6,120,0.33,
2013-07-06,2013,7,6,140,0.08,
2013-08-03,2013,8,3,1,5.15,
2013-08-03,2013,8,3,20,4.18,
2013-08-03,2013,8,3,40,3.33,
2013-08-03,2013,8,3,60,3.56,
2013-08-03,2013,8,3,80,3.07,
2013-08-03,2013,8,3,100,1.62,
2013-08-03,2013,8,3,120,1.1,
2013-08-03,2013,8,3,140,0.14,
2013-09-18,2013,9,18,1,1.35,
2013-09-18,2013,9,18,20,1.83,
2013-09-18,2013,9,18,40,2.05,
2013-09-18,2013,9,18,60,3.16,
2013-09-18,2013,9,18,80,1.99,
2013-09-18,2013,9,18,100,0.76,
2013-09-18,2013,9,18,120,0.29,
2013-09-18,2013,9,18,140,0.12,
2013-10-20,2013,10,20,1,1.71,
2013-10-20,2013,10,20,20,2.1,
2013-10-20,2013,10,20,40,1.73,
2013-10-20,2013,10,20,60,3.16,
2013-10-20,2013,10,20,80,2.27,
2013-10-20,2013,10,20,100,1.02,
2013-10-20,2013,10,20,120,0.23,
2013-10-20,2013,10,20,140,0.0,
2013-11-15,2013,11,15,1,3.84,
2013-11-15,2013,11,15,20,4.77,
2013-11-15,2013,11,15,40,2.32,
2013-11-15,2013,11,15,60,4.25,
2013-11-15,2013,11,15,80,1.02,
2013-11-15,2013,11,15,100,2.72,
2013-11-15,2013,11,15,120,0.19,
2013-12-10,2013,12,10,1,4.16,
2013-12-10,2013,12,10,20,8.31,
2013-12-10,2013,12,10,40,2.23,
2013-12-10,2013,12,10,60,2.47,
2013-12-10,2013,12,10,80,5.26,
2013-12-10,2013,12,10,100,2.71,
2013-12-10,2013,12,10,120,1.04,
2014-03-06,2014,3,6,20,7.14,
2014-03-06,2014,3,6,40,5.01,
2014-03-06,2014,3,6,60,4.92,
2014-03-06,2014,3,6,80,3.58,
2014-03-06,2014,3,6,100,5.07,
2014-03-06,2014,3,6,120,0.0,
2014-04-12,2014,4,12,1,5.11,
2014-04-12,2014,4,12,20,6.17,
2014-04-12,2014,4,12,40,4.07,
2014-04-12,2014,4,12,60,7.33,
2014-04-12,2014,4,12,80,2.52,
2014-04-12,2014,4,12,100,0.83,
2014-04-12,2014,4,12,120,1.53,
2014-04-12,2014,4,12,140,0.54,
2014-04-30,2014,4,30,1,7.18,
2014-04-30,2014,4,30,20,14.09,
2014-04-30,2014,4,30,40,8.34,
2014-04-30,2014,4,30,60,12.82,
2014-04-30,2014,4,30,80,7.42,
2014-04-30,2014,4,30,100,4.02,
2014-04-30,2014,4,30,120,0.76,
2014-04-30,2014,4,30,140,0.0,
2014-06-13,2014,6,13,1,7.5,
2014-06-13,2014,6,13,20,4.83,
2014-06-13,2014,6,13,40,3.55,
2014-06-13,2014,6,13,60,3.47,
2014-06-13,2014,6,13,80,4.73,
2014-06-13,2014,6,13,100,1.65,
2014-06-13,2014,6,13,120,0.38,
2014-06-13,2014,6,13,140,0.07,
2014-07-11,2014,7,11,1,6.89,
2014-07-11,2014,7,11,20,6.28,
2014-07-11,2014,7,11,40,4.5,
2014-07-11,2014,7,11,60,4.43,
2014-07-11,2014,7,11,80,6.37,
2014-07-11,2014,7,11,100,2.11,
2014-07-11,2014,7,11,120,0.5,
2014-07-11,2014,7,11,140,0.0,
2014-08-22,2014,8,22,1,4.18,
2014-08-22,2014,8,22,20,2.73,
2014-08-22,2014,8,22,40,3.93,
2014-08-22,2014,8,22,60,2.9,
2014-08-22,2014,8,22,80,2.39,
2014-08-22,2014,8,22,100,1.25,
2014-08-22,2014,8,22,120,0.71,
2014-08-22,2014,8,22,140,0.21,
2014-09-14,2014,9,14,1,3.45,
2014-09-14,2014,9,14,20,1.7,
2014-09-14,2014,9,14,40,5.27,
2014-09-14,2014,9,14,60,3.16,
2014-09-14,2014,9,14,80,2.46,
2014-09-14,2014,9,14,100,1.77,
2014-09-14,2014,9,14,120,0.91,
2014-09-14,2014,9,14,140,0.05,
2014-10-29,2014,10,29,1,2.69,
2014-10-29,2014,10,29,20,4.05,
2014-10-29,2014,10,29,40,2.36,
2014-10-29,2014,10,29,60,2.51,
2014-10-29,2014,10,29,80,1.74,
2014-10-29,2014,10,29,100,0.78,
2014-10-29,2014,10,29,120,0.0,
2014-10-29,2014,10,29,140,0.03,
2014-11-21,2014,11,21,1,4.55,
2014-11-21,2014,11,21,20,3.49,
2014-11-21,2014,11,21,40,2.82,
2014-11-21,2014,11,21,60,1.06,
2014-11-21,2014,11,21,80,0.39,
2014-11-21,2014,11,21,100,0.2,
2014-11-21,2014,11,21,120,0.21,
2014-11-21,2014,11,21,140,0.14,
2014-12-11,2014,12,11,1,3.57,
2014-12-11,2014,12,11,20,3.97,
2014-12-11,2014,12,11,40,3.0,
2014-12-11,2014,12,11,60,2.21,
2014-12-11,2014,12,11,80,0.86,
2014-12-11,2014,12,11,100,1.04,
2014-12-11,2014,12,11,120,0.25,
2014-12-11,2014,12,11,140,0.08,
2015-02-04,2015,2,4,1,7.76,
2015-02-04,2015,2,4,20,9.19,
2015-02-04,2015,2,4,40,5.34,
2015-02-04,2015,2,4,60,2.44,
2015-02-04,2015,2,4,80,1.15,
2015-02-04,2015,2,4,100,0.16,
2015-02-04,2015,2,4,120,0.11,
2015-02-04,2015,2,4,140,0.02,
2015-03-13,2015,3,13,1,8.25,
2015-03-13,2015,3,13,20,9.51,
2015-03-13,2015,3,13,40,14.59,
2015-03-13,2015,3,13,60,5.24,
2015-03-13,2015,3,13,80,1.42,
2015-03-13,2015,3,13,100,1.19,
2015-03-13,2015,3,13,120,0.27,
2015-03-13,2015,3,13,140,0.0,
2015-04-09,2015,4,9,1,6.44,
2015-04-09,2015,4,9,20,4.81,
2015-04-09,2015,4,9,40,4.33,
2015-04-09,2015,4,9,60,5.39,
2015-04-09,2015,4,9,80,7.26,
2015-04-09,2015,4,9,100,2.51,
2015-04-09,2015,4,9,120,0.36,
2015-04-09,2015,4,9,140,0.0,
2015-04-24,2015,4,24,1,0.56,
2015-04-24,2015,4,24,20,2.87,
2015-04-24,2015,4,24,40,2.23,
2015-04-24,2015,4,24,60,3.78,
2015-04-24,2015,4,24,80,1.48,
2015-04-24,2015,4,24,100,1.3,
2015-04-24,2015,4,24,120,0.74,
2015-04-24,2015,4,24,140,0.05,
2015-05-13,2015,5,13,1,9.74,
2015-05-13,2015,5,13,20,7.4,
2015-05-13,2015,5,13,40,6.9,
2015-05-13,2015,5,13,60,6.76,
2015-05-13,2015,5,13,80,10.03,
2015-05-13,2015,5,13,100,0.0,
2015-06-24,2015,6,24,1,0.94,
2015-06-24,2015,6,24,20,3.81,
2015-06-24,2015,6,24,40,4.09,
2015-06-24,2015,6,24,60,2.71,
2015-06-24,2015,6,24,80,1.74,
2015-06-24,2015,6,24,100,2.68,
2015-06-24,2015,6,24,120,0.61,
2015-06-24,2015,6,24,140,0.0,
2015-07-17,2015,7,17,1,3.98,
2015-07-17,2015,7,17,20,3.21,
2015-07-17,2015,7,17,40,2.94,
2015-07-17,2015,7,17,60,2.86,
2015-07-17,2015,7,17,80,2.0,
2015-07-17,2015,7,17,100,0.0,
2015-08-20,2015,8,20,1,8.06,
2015-08-20,2015,8,20,20,3.57,
2015-08-20,2015,8,20,40,8.02,
2015-08-20,2015,8,20,60,5.5,
2015-08-20,2015,8,20,80,5.45,
2015-08-20,2015,8,20,100,1.44,
2015-08-20,2015,8,20,120,0.25,
2015-08-20,2015,8,20,140,0.25,
2015-09-13,2015,9,13,1,2.34,
2015-09-13,2015,9,13,20,2.2,
2015-09-13,2015,9,13,40,3.31,
2015-09-13,2015,9,13,60,3.21,
2015-09-13,2015,9,13,80,2.89,
2015-09-13,2015,9,13,100,1.79,
2015-09-13,2015,9,13,120,0.62,
2015-09-13,2015,9,13,140,0.21,
2015-11-29,2015,11,29,1,1.35,
2015-11-29,2015,11,29,20,1.22,
2015-11-29,2015,11,29,40,0.85,
2015-11-29,2015,11,29,60,1.15,
2015-11-29,2015,11,29,80,0.82,
2015-11-29,2015,11,29,100,0.19,
2015-11-29,2015,11,29,140,0.0,
2015-12-13,2015,12,13,1,3.03,
2015-12-13,2015,12,13,20,3.89,
2015-12-13,2015,12,13,40,2.38,
2015-12-13,2015,12,13,60,1.85,
2015-12-13,2015,12,13,80,1.13,
2015-12-13,2015,12,13,100,0.86,
2015-12-13,2015,12,13,120,0.31,
2015-12-13,2015,12,13,140,0.02,
2016-03-09,2016,3,9,1,2.91,
2016-03-09,2016,3,9,20,2.45,
2016-03-09,2016,3,9,40,1.9,
2016-03-09,2016,3,9,60,2.75,
2016-03-09,2016,3,9,80,0.91,
2016-03-09,2016,3,9,100,0.87,
2016-03-09,2016,3,9,120,0.08,
2016-03-09,2016,3,9,140,0.0,
2016-03-24,2016,3,24,1,3.22,
2016-03-24,2016,3,24,20,2.32,
2016-03-24,2016,3,24,40,3.01,
2016-03-24,2016,3,24,60,2.52,
2016-03-24,2016,3,24,80,3.19,
2016-03-24,2016,3,24,100,1.72,
2016-03-24,2016,3,24,120,0.1,
2016-03-24,2016,3,24,140,0.43,
2016-04-16,2016,4,16,1,2.87,
2016-04-16,2016,4,16,20,1.72,
2016-04-16,2016,4,16,40,2.38,
2016-04-16,2016,4,16,60,2.11,
2016-04-16,2016,4,16,80,1.67,
2016-04-16,2016,4,16,100,1.39,
2016-04-16,2016,4,16,120,1.02,
2016-04-16,2016,4,16,140,0.51,
2016-05-05,2016,5,5,1,4.08,
2016-05-05,2016,5,5,20,3.03,
2016-05-05,2016,5,5,40,2.5,
2016-05-05,2016,5,5,60,3.23,
2016-05-05,2016,5,5,80,2.05,
2016-05-05,2016,5,5,140,0.13,
2016-06-15,2016,6,15,1,4.75,
2016-06-15,2016,6,15,20,2.56,
2016-06-15,2016,6,15,40,2.23,
2016-06-15,2016,6,15,60,1.43,
2016-06-15,2016,6,15,80,2.97,
2016-06-15,2016,6,15,100,2.2,
2016-06-15,2016,6,15,120,1.57,
2016-06-15,2016,6,15,140,0.92,
2016-07-23,2016,7,23,1,5.91,
2016-07-23,2016,7,23,20,3.47,
2016-07-23,2016,7,23,60,3.85,
2016-07-23,2016,7,23,80,2.63,
2016-07-23,2016,7,23,100,1.5,
2016-07-23,2016,7,23,120,1.18,
2016-07-23,2016,7,23,140,0.4,
2016-08-19,2016,8,19,1,3.6,
2016-08-19,2016,8,19,20,2.45,
2016-08-19,2016,8,19,40,2.66,
2016-08-19,2016,8,19,60,3.39,
2016-08-19,2016,8,19,80,2.89,
2016-08-19,2016,8,19,100,1.83,
2016-08-19,2016,8,19,120,1.15,
2016-08-19,2016,8,19,140,0.42,
2016-09-21,2016,9,21,1,3.02,
2016-09-21,2016,9,21,20,3.3,
2016-09-21,2016,9,21,40,2.32,
2016-09-21,2016,9,21,60,2.18,
2016-09-21,2016,9,21,80,1.74,
2016-09-21,2016,9,21,100,1.94,
2016-09-21,2016,9,21,120,0.9,
2016-09-21,2016,9,21,140,0.42,
2016-10-19,2016,10,19,1,4.44,
2016-10-19,2016,10,19,20,3.98,
2016-10-19,2016,10,19,40,2.48,
2016-10-19,2016,10,19,60,1.97,
2016-10-19,2016,10,19,80,3.02,
2016-10-19,2016,10,19,100,2.37,
2016-10-19,2016,10,19,120,1.35,
2016-10-19,2016,10,19,140,0.63,
2016-11-20,2016,11,20,1,4.7,
2016-11-20,2016,11,20,20,5.28,
2016-11-20,2016,11,20,40,4.84,
2016-11-20,2016,11,20,60,3.02,
2016-11-20,2016,11,20,80,1.52,
2016-11-20,2016,11,20,100,1.48,
2016-11-20,2016,11,20,120,0.34,
2016-11-20,2016,11,20,140,1.0,
2016-12-14,2016,12,14,1,1.7,
2016-12-14,2016,12,14,20,1.42,
2016-12-14,2016,12,14,40,0.94,
2016-12-14,2016,12,14,60,0.6,
2016-12-14,2016,12,14,80,0.65,
2016-12-14,2016,12,14,100,0.51,
2016-12-14,2016,12,14,120,0.08,
2016-12-14,2016,12,14,140,0.0,
2017-01-07,2017,1,7,1,4.5,
2017-01-07,2017,1,7,20,3.78,
2017-01-07,2017,1,7,40,3.75,
2017-01-07,2017,1,7,60,2.55,
2017-01-07,2017,1,7,80,1.05,
2017-01-07,2017,1,7,100,0.73,
2017-01-07,2017,1,7,120,0.03,
2017-01-07,2017,1,7,140,0.25,
2017-02-19,2017,2,19,1,5.02,
2017-02-19,2017,2,19,20,6.57,
2017-02-19,2017,2,19,40,5.42,
2017-02-19,2017,2,19,60,3.66,
2017-02-19,2017,2,19,80,1.91,
2017-02-19,2017,2,19,100,0.65,
2017-02-19,2017,2,19,120,0.12,
2017-02-19,2017,2,19,140,0.12,
2017-04-10,2017,4,10,1,10.73,
2017-04-10,2017,4,10,20,8.9,
2017-04-10,2017,4,10,40,5.86,
2017-04-10,2017,4,10,60,5.09,
2017-04-10,2017,4,10,80,1.02,
2017-04-10,2017,4,10,100,1.09,
2017-04-10,2017,4,10,120,0.3,
2017-04-10,2017,4,10,140,0.63,
2017-05-10,2017,5,10,1,2.07,
2017-05-10,2017,5,10,20,2.76,
2017-05-10,2017,5,10,40,2.36,
2017-05-10,2017,5,10,60,3.01,
2017-05-10,2017,5,10,80,2.59,
2017-05-10,2017,5,10,100,3.65,
2017-05-10,2017,5,10,120,0.95,
2017-05-10,2017,5,10,140,1.13,
2017-05-30,2017,5,30,1,6.35,
2017-05-30,2017,5,30,20,6.75,
2017-05-30,2017,5,30,40,5.34,
2017-05-30,2017,5,30,60,5.26,
2017-05-30,2017,5,30,80,3.53,
2017-05-30,2017,5,30,100,2.25,
2017-05-30,2017,5,30,120,0.34,
2017-05-30,2017,5,30,140,0.03,
2017-06-14,2017,6,14,1,7.86,
2017-06-14,2017,6,14,20,7.54,
2017-06-14,2017,6,14,40,7.55,
2017-06-14,2017,6,14,60,8.81,
2017-06-14,2017,6,14,80,8.8,
2017-06-14,2017,6,14,100,1.58,
2017-06-14,2017,6,14,120,0.54,
2017-06-14,2017,6,14,140,0.18,
2017-07-19,2017,7,19,1,5.4,
2017-07-19,2017,7,19,20,6.2,
2017-07-19,2017,7,19,40,3.89,
2017-07-19,2017,7,19,60,2.83,
2017-07-19,2017,7,19,80,2.65,
2017-07-19,2017,7,19,100,0.91,
2017-07-19,2017,7,19,120,1.37,
2017-07-19,2017,7,19,140,0.64,
2017-08-16,2017,8,16,1,2.35,
2017-08-16,2017,8,16,20,4.19,
2017-08-16,2017,8,16,40,5.18,
2017-08-16,2017,8,16,60,3.75,
2017-08-16,2017,8,16,80,4.07,
2017-08-16,2017,8,16,100,2.47,
2017-08-16,2017,8,16,120,1.1,
2017-08-16,2017,8,16,140,1.14,
2017-09-13,2017,9,13,1,5.3,
2017-09-13,2017,9,13,20,4.75,
2017-09-13,2017,9,13,40,2.83,
2017-09-13,2017,9,13,60,4.02,
2017-09-13,2017,9,13,80,1.92,
2017-09-13,2017,9,13,100,0.45,
2017-09-13,2017,9,13,120,1.03,
2017-09-13,2017,9,13,140,2.5,
2017-10-18,2017,10,18,1,6.03,
2017-10-18,2017,10,18,20,5.92,
2017-10-18,2017,10,18,40,4.92,
2017-10-18,2017,10,18,60,2.78,
2017-10-18,2017,10,18,80,2.95,
2017-10-18,2017,10,18,100,3.02,
2017-10-18,2017,10,18,120,0.22,
2017-10-18,2017,10,18,140,0.51,
2017-11-18,2017,11,18,1,6.97,
2017-11-18,2017,11,18,20,6.81,
2017-11-18,2017,11,18,40,4.58,
2017-11-18,2017,11,18,60,1.31,
2017-11-18,2017,11,18,80,0.32,
2017-11-18,2017,11,18,100,0.49,
2017-11-18,2017,11,18,120,0.0,
2017-11-18,2017,11,18,140,0.0,
2017-12-13,2017,12,13,1,2.68,
2017-12-13,2017,12,13,20,0.36,
2017-12-13,2017,12,13,40,2.16,
2017-12-13,2017,12,13,60,0.97,
2017-12-13,2017,12,13,80,0.63,
2017-12-13,2017,12,13,100,0.0,
2017-12-13,2017,12,13,120,0.0,
2017-12-13,2017,12,13,140,0.0,
2018-01-16,2018,1,16,1,6.44,
2018-01-16,2018,1,16,20,6.37,
2018-01-16,2018,1,16,40,6.45,
2018-01-16,2018,1,16,60,1.62,
2018-01-16,2018,1,16,80,0.24,
2018-01-16,2018,1,16,100,0.65,
2018-01-16,2018,1,16,120,0.13,
2018-01-16,2018,1,16,140,0.45,
2018-02-11,2018,2,11,1,8.13,
2018-02-11,2018,2,11,20,9.22,
2018-02-11,2018,2,11,40,4.06,
2018-02-11,2018,2,11,60,2.43,
2018-02-11,2018,2,11,80,1.61,
2018-02-11,2018,2,11,100,0.3,
2018-02-11,2018,2,11,120,0.7,
2018-02-11,2018,2,11,140,0.0,
2018-02-27,2018,2,27,1,1.57,
2018-02-27,2018,2,27,20,0.48,
2018-02-27,2018,2,27,40,0.5,
2018-02-27,2018,2,27,60,2.1,
2018-02-27,2018,2,27,80,0.62,
2018-02-27,2018,2,27,100,2.48,
2018-02-27,2018,2,27,120,1.23,
2018-02-27,2018,2,27,140,0.0,
2018-03-15,2018,3,15,1,3.81,
2018-03-15,2018,3,15,20,5.44,
2018-03-15,2018,3,15,40,4.57,
2018-03-15,2018,3,15,60,2.47,
2018-03-15,2018,3,15,80,0.0,
2018-03-15,2018,3,15,100,0.0,
2018-03-15,2018,3,15,120,2.31,
2018-03-15,2018,3,15,140,0.35,
2018-03-24,2018,3,24,1,5.49,
2018-03-24,2018,3,24,20,11.69,
2018-03-24,2018,3,24,40,6.98,
2018-03-24,2018,3,24,60,6.79,
2018-03-24,2018,3,24,80,5.05,
2018-03-24,2018,3,24,100,3.95,
2018-03-24,2018,3,24,120,3.18,
2018-03-24,2018,3,24,140,0.0,
2018-04-14,2018,4,14,1,6.5,
2018-04-14,2018,4,14,20,5.76,
2018-04-14,2018,4,14,40,5.36,
2018-04-14,2018,4,14,60,5.02,
2018-04-14,2018,4,14,80,2.72,
2018-04-14,2018,4,14,100,0.34,
2018-04-14,2018,4,14,120,0.0,
2018-04-14,2018,4,14,140,0.15,
2018-04-26,2018,4,26,1,4.76,
2018-04-26,2018,4,26,20,7.32,
2018-04-26,2018,4,26,40,3.59,
2018-04-26,2018,4,26,60,4.53,
2018-04-26,2018,4,26,80,3.87,
2018-04-26,2018,4,26,100,0.0,
2018-04-26,2018,4,26,120,0.36,0.563235446319194
2018-04-26,2018,4,26,140,0.0,0.5447012927097276
2018-05-24,2018,5,24,1,3.73,4.683486965412977
2018-05-24,2018,5,24,20,3.9,4.674429796645307
2018-05-24,2018,5,24,40,0.0,4.532258785693618
2018-05-24,2018,5,24,60,0.0,4.521661282554897
2018-05-24,2018,5,24,80,2.27,2.8904668810351084
2018-05-24,2018,5,24,100,1.49,2.162670599258556
2018-05-24,2018,5,24,120,0.31,0.7716134923823728
2018-05-24,2018,5,24,140,0.36,0.4047830727705505
2018-06-15,2018,6,15,1,4.61,4.635234897355843
2018-06-15,2018,6,15,20,5.38,4.628501583494858
2018-06-15,2018,6,15,40,4.43,4.473844131087107
2018-06-15,2018,6,15,60,3.53,4.284194187965864
2018-06-15,2018,6,15,80,5.27,2.5634539494305795
2018-06-15,2018,6,15,100,1.56,1.1406612782390098
2018-06-15,2018,6,15,120,0.28,0.5396921196605791
2018-06-15,2018,6,15,140,0.96,0.4172876189435386
2018-07-21,2018,7,21,1,3.02,4.349429342650521
2018-07-21,2018,7,21,20,2.61,4.347416666268666
2018-07-21,2018,7,21,40,0.91,4.065522577940404
2018-07-21,2018,7,21,60,2.58,3.941320420197287
2018-07-21,2018,7,21,80,1.76,2.6843106639611727
2018-07-21,2018,7,21,100,1.44,1.7021922729237722
2018-07-21,2018,7,21,120,0.0,0.7758038968183508
2018-07-21,2018,7,21,140,0.09,0.44130222329686886
2018-08-14,2018,8,14,1,4.59,4.337969925192522
2018-08-14,2018,8,14,20,4.4,4.307469442066566
2018-08-14,2018,8,14,40,4.3,4.118679010294474
2018-08-14,2018,8,14,60,3.94,3.714997911675043
2018-08-14,2018,8,14,80,2.29,2.7542145970498386
2018-08-14,2018,8,14,100,1.78,1.7862263475483968
2018-08-14,2018,8,14,120,0.81,1.4648344647993798
2018-08-14,2018,8,14,140,1.07,0.6556040778213936
2018-09-12,2018,9,12,1,6.0,4.310107808387643
2018-09-12,2018,9,12,20,4.27,4.310107808387643
2018-09-12,2018,9,12,40,4.72,4.089940186666271
2018-09-12,2018,9,12,60,5.68,3.8813319292284953
2018-09-12,2018,9,12,80,2.83,2.5891604875649885
2018-09-12,2018,9,12,100,3.57,1.8205300085022018
2018-09-12,2018,9,12,120,0.39,0.6038293279508317
2018-09-12,2018,9,12,140,0.51,0.5204206602194322
2018-10-21,2018,10,21,1,0.83,4.350945697719718
2018-10-21,2018,10,21,20,4.55,4.323366331758454
2018-10-21,2018,10,21,40,2.93,4.104790539278335
2018-10-21,2018,10,21,60,1.42,3.870868945408482
2018-10-21,2018,10,21,80,0.08,2.3171527229593467
2018-10-21,2018,10,21,100,6.47,1.8455485168627122
2018-10-21,2018,10,21,120,2.23,1.323043459066809
2018-10-21,2018,10,21,140,2.5,1.069061407493432
2018-11-07,2018,11,7,1,2.56,4.354696375977363
2018-11-07,2018,11,7,20,2.74,4.336364860979577
2018-11-07,2018,11,7,40,2.98,4.107090825421005
2018-11-07,2018,11,7,60,7.72,4.102249788391367
2018-11-07,2018,11,7,80,1.2,2.2294847998253564
2018-11-07,2018,11,7,100,3.36,1.219713792898632
2018-11-07,2018,11,7,120,1.04,0.4520734212431489
2018-11-07,2018,11,7,140,0.0,0.3870943684984368
2018-12-15,2018,12,15,1,4.68,4.371868886201986
2018-12-15,2018,12,15,20,1.97,4.315735860832765
2018-12-15,2018,12,15,40,1.35,4.095415708519848
2018-12-15,2018,12,15,60,0.0,3.779651518350824
2018-12-15,2018,12,15,80,1.01,1.9412832789664207
2018-12-15,2018,12,15,100,0.36,1.2890967493073218
2018-12-15,2018,12,15,120,0.77,0.5165733428816032
2018-12-15,2018,12,15,140,0.0,0.3722455341464842
2019-01-12,2019,1,12,1,8.77,5.8904686109079645
2019-01-12,2019,1,12,20,5.94,5.862354780854566
2019-01-12,2019,1,12,40,4.65,5.092386594261028
2019-01-12,2019,1,12,60,0.34,3.7988685504468243
2019-01-12,2019,1,12,80,7.7,1.8187270199077858
2019-01-12,2019,1,12,100,5.24,1.116668877646152
2019-01-12,2019,1,12,120,0.7,0.38771148405928985
2019-01-12,2019,1,12,140,0.14,0.378660596431044
2019-02-18,2019,2,18,20,10.79,6.680284228280305
2019-02-18,2019,2,18,40,10.43,6.446571942830988
2019-02-18,2019,2,18,60,7.83,4.789904571743312
2019-02-18,2019,2,18,80,1.02,1.883409143176955
2019-02-18,2019,2,18,100,0.0,0.76985233746992
2019-02-18,2019,2,18,120,0.0,0.4120359518954063
2019-02-18,2019,2,18,140,0.93,0.3942136972206389
2019-04-11,2019,4,11,1,1.92,4.715030216713588
2019-04-11,2019,4,11,20,2.27,4.707386997008447
2019-04-11,2019,4,11,40,1.44,4.406476312770048
2019-04-11,2019,4,11,60,0.86,4.2073440418388035
2019-04-11,2019,4,11,80,1.71,2.279810907775338
2019-04-11,2019,4,11,100,1.0,0.8755417631952508
2019-04-11,2019,4,11,120,0.3,0.5866156183456119
2019-04-11,2019,4,11,140,0.0,0.5814227744613862
2019-04-22,2019,4,22,1,3.24,4.729338211751566
2019-04-22,2019,4,22,20,3.74,4.791620865816118
2019-04-22,2019,4,22,40,3.63,4.522033114288464
2019-04-22,2019,4,22,60,3.75,4.476989261988517
2019-04-22,2019,4,22,80,3.36,2.679931007960884
2019-04-22,2019,4,22,100,2.37,1.5308306032344765
2019-04-22,2019,4,22,120,0.72,0.6590700854296789
2019-04-22,2019,4,22,140,0.62,0.3603561303116579
2019-06-08,2019,6,8,1,2.9,4.682260549220139
2019-06-08,2019,6,8,20,3.02,4.6516306290807465
2019-06-08,2019,6,8,40,2.95,4.4462045716241185
2019-06-08,2019,6,8,60,3.66,4.128713173914816
2019-06-08,2019,6,8,80,2.77,2.6623061915903463
2019-06-08,2019,6,8,100,3.48,1.7864609678942827
2019-06-08,2019,6,8,120,0.79,0.8011980534241026
2019-06-08,2019,6,8,140,0.31,0.4660412266766766
2019-07-17,2019,7,17,1,2.99,4.3718972509842935
2019-07-17,2019,7,17,20,4.84,4.348837176202573
2019-07-17,2019,7,17,40,4.29,4.135515980707638
2019-07-17,2019,7,17,60,4.33,3.965583451922656
2019-07-17,2019,7,17,80,2.8,2.804730929966104
2019-07-17,2019,7,17,100,2.75,1.55579544248555
2019-07-17,2019,7,17,120,0.4,0.9328805027360932
2019-07-17,2019,7,17,140,0.0,0.6808513298850907
2019-09-10,2019,9,10,1,3.08,4.3393487345631785
2019-09-10,2019,9,10,20,3.11,4.286208886135194
2019-09-10,2019,9,10,40,3.87,3.9755396921301056
2019-09-10,2019,9,10,60,3.21,3.887620782572223
2019-09-10,2019,9,10,80,2.91,2.62333107570401
2019-09-10,2019,9,10,100,2.2,1.5630483830864208
2019-09-10,2019,9,10,120,0.52,0.7505403547137238
2019-09-10,2019,9,10,140,0.09,0.431699476583827
2019-10-23,2019,10,23,1,1.37,4.350520569166669
2019-10-23,2019,10,23,20,2.46,4.309526868680068
2019-10-23,2019,10,23,40,2.77,3.9418780396962725
2019-10-23,2019,10,23,60,3.62,3.529705119851954
2019-10-23,2019,10,23,80,2.26,2.1159642401332173
2019-10-23,2019,10,23,100,1.1,1.4513519820845577
2019-10-23,2019,10,23,120,0.43,1.1653296154454067
2019-10-23,2019,10,23,140,0.08,0.47415664223693027
2019-11-19,2019,11,19,1,3.83,4.347020185274094
2019-11-19,2019,11,19,20,4.2,4.346627936990595
2019-11-19,2019,11,19,40,2.89,4.1018576961583255
2019-11-19,2019,11,19,60,1.76,3.8564245189860955
2019-11-19,2019,11,19,80,2.32,2.0464430131708564
2019-11-19,2019,11,19,100,0.27,1.0464564834723098
2019-11-19,2019,11,19,120,0.07,0.3999673008137023
2019-11-19,2019,11,19,140,0.0,0.34484474905416473
2019-12-12,2019,12,12,1,4.78,4.349545606132116
2019-12-12,2019,12,12,20,4.54,4.349328789893132
2019-12-12,2019,12,12,40,3.3,4.0869258766595395
2019-12-12,2019,12,12,60,1.69,3.7852288856378733
2019-12-12,2019,12,12,80,1.29,1.8567182813178378
2019-12-12,2019,12,12,100,0.58,0.7487401474722678
2019-12-12,2019,12,12,120,0.39,0.4565469214674085
2019-12-12,2019,12,12,140,0.0,0.3488612373985787
2020-01-26,2020,1,26,1,5.86,4.779165749605776
2020-01-26,2020,1,26,20,6.26,4.762594604033952
2020-01-26,2020,1,26,40,6.22,4.527295237020391
2020-01-26,2020,1,26,60,3.52,2.190276964531903
2020-01-26,2020,1,26,80,1.88,1.8200267587448717
2020-01-26,2020,1,26,100,0.53,1.332151425571508
2020-01-26,2020,1,26,120,0.29,0.622266232897208
2020-01-26,2020,1,26,140,0.0,0.5108821541532441
2020-02-28,2020,2,28,60,16.73,4.796728567865565
2020-02-28,2020,2,28,80,7.57,2.084524919376977
2020-02-28,2020,2,28,100,2.47,1.4098648000857605
2020-02-28,2020,2,28,120,0.0,0.9183690605426218
2020-02-28,2020,2,28,140,0.0,0.42794296237325274
2020-07-09,2020,7,9,1,4.38,4.550315456156612
2020-07-09,2020,7,9,20,3.67,4.545966906721699
2020-07-09,2020,7,9,40,2.37,4.266452156823605
2020-07-09,2020,7,9,60,1.53,4.187594907792103
2020-07-09,2020,7,9,80,2.59,2.6674643297185505
2020-07-09,2020,7,9,100,1.54,2.0548154538332257
2020-07-09,2020,7,9,120,1.18,1.5803635800512112
2020-07-09,2020,7,9,140,0.72,1.286555738545967
2020-07-30,2020,7,30,1,5.26,4.330517020573214
2020-07-30,2020,7,30,20,4.06,4.331209679874648
2020-07-30,2020,7,30,40,3.43,4.118449875542015
2020-07-30,2020,7,30,60,4.39,3.9228938519970624
2020-07-30,2020,7,30,80,3.58,2.743069687439489
2020-07-30,2020,7,30,100,5.34,1.6234901718926984
2020-07-30,2020,7,30,120,0.51,0.5490574347666072
2020-07-30,2020,7,30,140,0.0,0.39842287052869574
2020-08-18,2020,8,18,1,8.89,4.32036616394789
2020-08-18,2020,8,18,20,5.67,4.32036616394789
2020-08-18,2020,8,18,40,6.27,4.0999107056425945
2020-08-18,2020,8,18,60,4.96,3.9021954381002386
2020-08-18,2020,8,18,80,4.12,2.6713651150608033
2020-08-18,2020,8,18,100,2.46,1.5843737240346496
2020-08-18,2020,8,18,120,1.48,0.681187626499564
2020-08-18,2020,8,18,140,0.27,0.49671108356352417
2020-09-24,2020,9,24,1,7.98,4.321006117352972
2020-09-24,2020,9,24,20,8.24,4.319657456040232
2020-09-24,2020,9,24,40,6.85,3.9244273560646725
2020-09-24,2020,9,24,60,9.6,3.887802906946436
2020-09-24,2020,9,24,80,7.7,2.443366523803829
2020-09-24,2020,9,24,100,4.1,1.618211119788177
2020-09-24,2020,9,24,120,1.93,1.3377163174587636
2020-09-24,2020,9,24,140,0.36,0.956938998241221
2020-10-26,2020,10,26,1,3.26,4.327583422872995
2020-10-26,2020,10,26,20,3.27,4.329512434201076
2020-10-26,2020,10,26,40,1.4,3.941432797770917
2020-10-26,2020,10,26,60,2.11,3.650701596838368
2020-10-26,2020,10,26,80,0.0,2.231582884360466
2020-10-26,2020,10,26,100,0.53,1.5996009268535307
2020-10-26,2020,10,26,120,0.53,1.2287466094187445
2020-10-26,2020,10,26,140,0.09,0.3487061138235848
2020-11-19,2020,11,19,1,4.22,4.3445706848515355
2020-11-19,2020,11,19,20,3.74,4.3445706848515355
2020-11-19,2020,11,19,40,4.33,3.981450593323372
2020-11-19,2020,11,19,40,2.23,3.981450593323372
2020-11-19,2020,11,19,80,0.94,1.8704329298671047
2020-11-19,2020,11,19,100,0.57,1.3931655932812466
2020-11-19,2020,11,19,120,0.0,0.8644749033656491
2020-11-19,2020,11,19,140,0.38,0.4857944376533716
2020-12-12,2020,12,12,1,4.63,4.345582550967764
2020-12-12,2020,12,12,20,5.19,4.330280632311369
2020-12-12,2020,12,12,40,3.92,3.92949637205209
2020-12-12,2020,12,12,60,2.29,3.2499638270263573
2020-12-12,2020,12,12,80,0.83,1.9265507191408566
2020-12-12,2020,12,12,100,1.21,0.974304965846596
2020-12-12,2020,12,12,120,0.02,0.41541371781283704
2020-12-12,2020,12,12,140,0.0,0.33796644146212595
2021-02-14,2021,2,14,40,16.8,8.208469216728439
2021-02-14,2021,2,14,60,6.13,4.820813829295683
2021-02-14,2021,2,14,80,0.14,1.9578985054556313
2021-02-14,2021,2,14,100,0.43,0.9493972021871274
2021-02-14,2021,2,14,120,1.4,0.7136427629371515
2021-02-14,2021,2,14,140,0.66,0.5569579497743419
2021-03-18,2021,3,18,1,12.16,7.932978787203998
2021-03-18,2021,3,18,20,17.1,7.382289008908488
2021-03-18,2021,3,18,40,14.0,7.19232181805144
2021-03-18,2021,3,18,60,8.22,5.222880263348257
2021-03-18,2021,3,18,80,2.34,2.3778573056111023
2021-03-18,2021,3,18,100,0.9,1.4578270782815608
2021-03-18,2021,3,18,120,0.94,1.3583460428827796
2021-03-18,2021,3,18,140,0.97,1.2850417388611848
2021-03-25,2021,3,25,1,7.39,5.026503375490572
2021-03-25,2021,3,25,20,5.1,5.333472776805673
2021-03-25,2021,3,25,40,6.47,6.450735671844809
2021-03-25,2021,3,25,60,9.47,5.745287834915688
2021-03-25,2021,3,25,80,3.17,2.44994495309403
2021-03-25,2021,3,25,100,1.13,1.64575849437405
2021-03-25,2021,3,25,120,0.12,0.9620857338261833
2021-03-25,2021,3,25,140,0.29,0.9301248629307528
2021-04-29,2021,4,29,1,5.29,4.679584613266893
2021-04-29,2021,4,29,20,5.08,4.679124261798428
2021-04-29,2021,4,29,40,4.67,4.443603102194721
2021-04-29,2021,4,29,60,6.7,4.345328014814667
2021-04-29,2021,4,29,80,4.62,2.793660346998567
2021-04-29,2021,4,29,100,0.62,0.759687988201175
2021-04-29,2021,4,29,120,0.56,0.43064859230893926
2021-04-29,2021,4,29,140,0.12,0.3531359495681617
2021-05-14,2021,5,14,1,10.05,4.7261264242614995
2021-05-14,2021,5,14,20,5.62,4.829712417588661
2021-05-14,2021,5,14,40,4.97,4.573267162999015
2021-05-14,2021,5,14,60,3.95,4.413644378921386
2021-05-14,2021,5,14,80,2.14,2.6991649898524956
2021-05-14,2021,5,14,100,1.75,1.4706953595915022
2021-05-14,2021,5,14,120,0.11,0.48777674734778176
2021-05-14,2021,5,14,140,0.19,0.38926292352313774
2021-06-16,2021,6,16,1,3.77,4.601161984434069
2021-06-16,2021,6,16,20,4.09,4.601161984434069
2021-06-16,2021,6,16,40,3.84,4.424682141406319
2021-06-16,2021,6,16,60,3.16,3.055908577448908
2021-06-16,2021,6,16,80,1.59,2.057967493394289
2021-06-16,2021,6,16,100,0.8,1.9409311739818953
2021-06-16,2021,6,16,120,0.67,1.5384783586743283
2021-06-16,2021,6,16,140,0.0,0.3745388025077144
2021-07-10,2021,7,10,1,5.69,4.5532743447816975
2021-07-10,2021,7,10,20,4.43,4.5490876748743485
2021-07-10,2021,7,10,40,4.75,4.36886613379386
2021-07-10,2021,7,10,60,4.55,4.193977884789617
2021-07-10,2021,7,10,80,4.96,2.7983640238425758
2021-07-10,2021,7,10,100,2.87,1.996528130021265
2021-07-10,2021,7,10,120,0.96,1.5698394249595722
2021-07-10,2021,7,10,140,0.0,0.36374232067737516
2021-08-20,2021,8,20,1,4.72,4.322279251210814
2021-08-20,2021,8,20,20,5.71,4.294945123285681
2021-08-20,2021,8,20,40,5.02,4.097270538958299
2021-08-20,2021,8,20,60,4.55,4.000239891266338
2021-08-20,2021,8,20,80,2.97,2.705627239381502
2021-08-20,2021,8,20,100,2.31,1.3304445281245645
2021-08-20,2021,8,20,120,0.85,1.1562443358431636
2021-08-20,2021,8,20,140,0.19,0.42487888100210636
2021-09-13,2021,9,13,1,2.68,4.3120208956505675
2021-09-13,2021,9,13,20,3.43,4.286406886924757
2021-09-13,2021,9,13,40,1.63,4.085904990530772
2021-09-13,2021,9,13,60,2.43,3.5959235612048666
2021-09-13,2021,9,13,80,1.6,2.5392731366242334
2021-09-13,2021,9,13,100,1.64,1.822727953802341
2021-09-13,2021,9,13,120,0.9,1.324906826105372
2021-09-13,2021,9,13,140,0.27,0.619672886111932
2021-10-06,2021,10,6,1,3.69,4.316929809517985
2021-10-06,2021,10,6,20,4.58,4.316929809517985
2021-10-06,2021,10,6,40,4.19,4.115733487253934
2021-10-06,2021,10,6,60,3.95,3.886682157929672
2021-10-06,2021,10,6,80,3.05,2.3216293409998388
2021-10-06,2021,10,6,100,1.58,1.5053985254401776
2021-10-06,2021,10,6,120,0.58,0.6062022498560347
2021-10-06,2021,10,6,140,0.41,0.4159115645458913
2021-11-18,2021,11,18,1,6.11,4.3455930766312125
2021-11-18,2021,11,18,20,6.35,4.341540337330025
2021-11-18,2021,11,18,40,3.87,4.075166899562064
2021-11-18,2021,11,18,60,2.72,3.818381831788682
2021-11-18,2021,11,18,80,2.15,1.9454793920707627
2021-11-18,2021,11,18,100,0.44,0.9926348502279978
2021-11-18,2021,11,18,120,0.7,0.5542018412333217
2021-11-18,2021,11,18,140,0.24,0.3491678838527177
2021-12-14,2021,12,14,1,14.43,4.342473784467119
2021-12-14,2021,12,14,20,11.88,5.3790180636017055
2021-12-14,2021,12,14,40,6.86,4.954879363636718
2021-12-14,2021,12,14,60,2.43,4.0998893241976235
2021-12-14,2021,12,14,80,0.61,1.9630693102345405
2021-12-14,2021,12,14,100,0.0,1.1144026956432698
2021-12-14,2021,12,14,120,0.1,0.5075774113212321
2021-12-14,2021,12,14,140,0.11,0.39360449724605195
2022-01-13,2022,1,13,1,3.33,4.594423528238732
2022-01-13,2022,1,13,20,3.33,4.590981223285452
2022-01-13,2022,1,13,40,3.31,4.3314249562400615
2022-01-13,2022,1,13,60,2.01,4.009546559590154
2022-01-13,2022,1,13,80,1.39,1.9465806331252924
2022-01-13,2022,1,13,100,0.41,1.5032303319786333
2022-01-13,2022,1,13,120,0.66,0.6764630318896165
2022-01-13,2022,1,13,140,0.15,0.7022015918436133
2022-04-07,2022,4,7,1,10.46,4.86790934164319
2022-04-07,2022,4,7,20,11.49,4.952861928046242
2022-04-07,2022,4,7,40,7.13,4.806734586571438
2022-04-07,2022,4,7,80,5.61,2.3793213341448927
2022-04-07,2022,4,7,100,1.71,1.2950294498612007
2022-04-07,2022,4,7,120,0.46,0.5206972092775395
2022-04-07,2022,4,7,140,0.05,0.41514529921808074
2022-05-02,2022,5,2,1,4.23,4.85836832702615
2022-05-02,2022,5,2,20,5.56,4.87883770509132
2022-05-02,2022,5,2,40,3.85,4.564296291774698
2022-05-02,2022,5,2,60,4.32,2.991110153357991
2022-05-02,2022,5,2,80,2.69,2.691694681127258
2022-05-02,2022,5,2,100,3.86,1.9025211363614178
2022-05-02,2022,5,2,120,0.58,0.6400299080959723
2022-05-02,2022,5,2,140,0.58,0.4493263528154857
2022-05-24,2022,5,24,1,4.48,4.682903238510626
2022-05-24,2022,5,24,20,3.74,4.681092391109778
2022-05-24,2022,5,24,40,3.33,4.378613427540235
2022-05-24,2022,5,24,60,3.1,3.877673379690448
2022-05-24,2022,5,24,80,3.04,2.538572269863061
2022-05-24,2022,5,24,100,2.17,2.1307257371094646
2022-05-24,2022,5,24,120,1.72,1.2543889645578414
2022-05-24,2022,5,24,140,1.0,1.2260245113073451
2022-06-29,2022,6,29,1,5.12,4.9490229467033044
2022-06-29,2022,6,29,20,4.55,4.948968064928387
2022-06-29,2022,6,29,40,5.23,4.696404561477954
2022-06-29,2022,6,29,60,6.68,4.251754768785303
2022-06-29,2022,6,29,80,3.86,2.751100397430745
2022-06-29,2022,6,29,100,1.14,1.0786573193690405
2022-06-29,2022,6,29,120,0.0,0.48874265393359684
2022-06-29,2022,6,29,140,0.0,0.42535689229259654
2022-07-15,2022,7,15,1,4.41,4.397370709702585
2022-07-15,2022,7,15,20,3.7,4.403977563576283
2022-07-15,2022,7,15,40,5.07,4.130877409019874
2022-07-15,2022,7,15,60,4.26,3.851846993321685
2022-07-15,2022,7,15,80,2.74,2.8436675686358557
2022-07-15,2022,7,15,100,1.99,1.0976314655503623
2022-07-15,2022,7,15,120,0.39,0.5453101154644016
2022-07-15,2022,7,15,140,0.0,0.3597690123018331
2022-08-14,2022,8,14,1,5.7,4.322579171266379
2022-08-14,2022,8,14,20,5.97,4.322541512530723
2022-08-14,2022,8,14,40,5.6,4.001726272560507
2022-08-14,2022,8,14,60,4.49,3.7260014891924165
2022-08-14,2022,8,14,80,3.54,2.5956777178376176
2022-08-14,2022,8,14,100,2.97,1.6855158168916542
2022-08-14,2022,8,14,120,0.45,0.6623665762377906
2022-08-14,2022,8,14,140,0.0,0.4614270789291882
2022-09-17,2022,9,17,1,3.59,4.313859184352843
2022-09-17,2022,9,17,20,2.23,4.28842087212551
2022-09-17,2022,9,17,40,4.47,4.080788031515518
2022-09-17,2022,9,17,60,3.6,3.846269936953406
2022-09-17,2022,9,17,80,3.58,2.446590967512696
2022-09-17,2022,9,17,100,1.99,0.974924448261959
2022-09-17,2022,9,17,120,0.11,0.4645454720815649
2022-09-17,2022,9,17,140,0.0,0.33988170702178516
2022-11-25,2022,11,25,1,3.61,4.341405590749565
2022-11-25,2022,11,25,20,4.56,4.312426761245987
2022-11-25,2022,11,25,40,3.41,4.036300205722794
2022-11-25,2022,11,25,60,2.77,3.809938175344712
2022-11-25,2022,11,25,80,1.91,1.9069796232617162
2022-11-25,2022,11,25,100,0.59,1.2771258560363912
2022-11-25,2022,11,25,120,0.4,0.8290090809622935
2022-11-25,2022,11,25,140,0.27,0.380706323386537
2022-12-16,2022,12,16,1,8.12,4.350077666166582
2022-12-16,2022,12,16,20,8.92,4.338817519111761
2022-12-16,2022,12,16,40,4.82,4.109181111115317
2022-12-16,2022,12,16,60,2.01,2.0747334822581824
2022-12-16,2022,12,16,80,0.0,1.9241219774164389
2022-12-16,2022,12,16,100,0.0,1.053401924650307
2022-12-16,2022,12,16,120,0.0,0.41920656791146466
2022-12-16,2022,12,16,140,0.0,0.38348470322734896
2023-01-12,2023,1,12,1,7.28,4.605237190936303
2023-01-12,2023,1,12,20,6.41,4.601156848986596
2023-01-12,2023,1,12,40,5.18,4.3413901879953425
2023-01-12,2023,1,12,60,4.87,4.005990298588716
2023-01-12,2023,1,12,80,1.31,1.8973959879446887
2023-01-12,2023,1,12,100,0.0,1.0913818654008094
2023-01-12,2023,1,12,120,0.08,0.5585030918556482
2023-01-12,2023,1,12,140,0.0,0.3804989629271792
2023-02-05,2023,2,5,1,3.96,5.050076247979852
2023-02-05,2023,2,5,20,7.19,5.524545697682597
2023-02-05,2023,2,5,40,4.3,5.1366248404992625
2023-02-05,2023,2,5,60,4.55,2.0977224506420087
2023-02-05,2023,2,5,80,0.28,1.9725876474511186
2023-02-05,2023,2,5,100,0.0,1.20935082344123
2023-02-05,2023,2,5,120,0.0,0.6512350670153383
2023-02-05,2023,2,5,140,0.21,0.3635663757789228
2023-03-20,2023,3,20,1,5.38,5.811547544316213
2023-03-20,2023,3,20,20,6.63,6.003366346347102
2023-03-20,2023,3,20,40,6.28,4.8039144816238695
2023-03-20,2023,3,20,60,4.13,4.295315633830215
2023-03-20,2023,3,20,80,1.55,2.1895662666652393
2023-03-20,2023,3,20,100,0.3,1.550243248098132
2023-03-20,2023,3,20,120,0.85,1.03260069210814
2023-03-20,2023,3,20,140,0.0,0.9634589149516779
2023-04-15,2023,4,15,1,6.95,4.867057521450883
2023-04-15,2023,4,15,20,5.7,4.869562247648345
2023-04-15,2023,4,15,40,5.5,4.577120429528645
2023-04-15,2023,4,15,60,5.99,4.480505957839176
2023-04-15,2023,4,15,80,3.52,2.268342125770957
2023-04-15,2023,4,15,120,0.93,1.3741790677674948
2023-04-15,2023,4,15,140,0.88,0.6576128825589145
2023-05-13,2023,5,13,1,3.38,4.710998104341712
2023-05-13,2023,5,13,20,4.41,4.6851887201199345
2023-05-13,2023,5,13,40,3.47,4.45524202326587
2023-05-13,2023,5,13,60,3.37,4.274690438715675
2023-05-13,2023,5,13,80,3.81,2.704122150851997
2023-05-13,2023,5,13,100,3.08,1.6066360457417836
2023-05-13,2023,5,13,120,0.91,0.7383337398384624
2023-05-13,2023,5,13,140,0.0,0.5060763425092978
2023-06-22,2023,6,22,20,7.27,4.5876209675788315
2023-06-22,2023,6,22,40,5.81,4.337652019937532
2023-06-22,2023,6,22,60,6.18,4.273056090788777
2023-06-22,2023,6,22,80,1.58,2.867546857054882
2023-06-22,2023,6,22,100,1.18,1.0289404464689553
2023-06-22,2023,6,22,120,0.0,0.6778364282212739
2023-06-22,2023,6,22,140,1.4,0.36507829043824486
